0.4132260483 0.4132260483 0.4132260483 0.4132260483 0.4132260483 0.4132260483 0.4132260484 0.4132260484 0.4132260485 0.4132260486 0.4132260487 0.4132260489 0.4132260491 0.4132260494 0.4132260497 0.4132260502 0.4132260507 0.4132260514 0.4132260522 0.4132260532 0.4132260544 0.4132260557 0.4132260573 0.4132260591 0.4132260610 0.4132260631 0.4132260645 0.4132260618 0.4132260534 0.4132260572 0.4132260973 0.4132261537 0.4132261886 0.4132262005 0.4132262043 0.4132262067 0.4132262088 0.4132262108 0.4132262125 0.4132262140 0.4132262153 0.4132262164 0.4132262174 0.4132262182 0.4132262188 0.4132262194 0.4132262198 0.4132262201 0.4132262204 0.4132262206 0.4132262208 0.4132262209 0.4132262210 0.4132262211 0.4132262211 0.4132262211 0.4132262212 0.4132262212 0.4132262212 0.4132262212 0.4132262212 0.4132262212 0.4132262212 0.4132262212 0.4132262212 0.4132262212 0.4132262212 0.4132262212 0.4132262212 0.4132262212 0.4132262212 0.4132262212 0.4132262212 0.4132262211 0.4132262211 0.4132262211 0.4132262210 0.4132262209 0.4132262208 0.4132262206 0.4132262204 0.4132262201 0.4132262197 0.4132262193 0.4132262187 0.4132262181 0.4132262172 0.4132262163 0.4132262151 0.4132262137 0.4132262122 0.4132262104 0.4132262084 0.4132262064 0.4132262050 0.4132262077 0.4132262160 0.4132262123 0.4132261722 0.4132261158 0.4132260809 0.4132260689 0.4132260651 0.4132260627 0.4132260606 0.4132260587 0.4132260570 0.4132260555 0.4132260542 0.4132260530 0.4132260521 0.4132260513 0.4132260506 0.4132260501 0.4132260497 0.4132260493 0.4132260491 0.4132260489 0.4132260487 0.4132260486 0.4132260485 0.4132260484 0.4132260484 0.4132260483 0.4132260483 0.4132260483 0.4132260483 0.4132260483 
0.4132260483 0.4132260483 0.4132260483 0.4132260483 0.4132260483 0.4132260483 0.4132260483 0.4132260484 0.4132260485 0.4132260486 0.4132260487 0.4132260488 0.4132260490 0.4132260493 0.4132260497 0.4132260502 0.4132260507 0.4132260515 0.4132260524 0.4132260535 0.4132260548 0.4132260563 0.4132260581 0.4132260602 0.4132260625 0.4132260652 0.4132260680 0.4132260672 0.4132260403 0.4132259408 0.4132257694 0.4132256172 0.4132255471 0.4132255320 0.4132255328 0.4132255357 0.4132255384 0.4132255410 0.4132255433 0.4132255453 0.4132255470 0.4132255485 0.4132255498 0.4132255508 0.4132255517 0.4132255524 0.4132255530 0.4132255534 0.4132255538 0.4132255541 0.4132255543 0.4132255545 0.4132255546 0.4132255547 0.4132255548 0.4132255548 0.4132255549 0.4132255549 0.4132255549 0.4132255549 0.4132255549 0.4132255549 0.4132255549 0.4132255549 0.4132255549 0.4132255549 0.4132255549 0.4132255549 0.4132255549 0.4132255549 0.4132255549 0.4132255549 0.4132255549 0.4132255549 0.4132255548 0.4132255548 0.4132255547 0.4132255546 0.4132255545 0.4132255543 0.4132255541 0.4132255538 0.4132255535 0.4132255530 0.4132255524 0.4132255517 0.4132255508 0.4132255497 0.4132255484 0.4132255469 0.4132255451 0.4132255430 0.4132255406 0.4132255380 0.4132255352 0.4132255359 0.4132255629 0.4132256624 0.4132258337 0.4132259859 0.4132260561 0.4132260712 0.4132260704 0.4132260675 0.4132260647 0.4132260622 0.4132260599 0.4132260579 0.4132260562 0.4132260547 0.4132260534 0.4132260523 0.4132260515 0.4132260508 0.4132260502 0.4132260497 0.4132260494 0.4132260491 0.4132260489 0.4132260487 0.4132260486 0.4132260485 0.4132260484 0.4132260484 0.4132260483 0.4132260483 0.4132260483 0.4132260483 
0.4132260483 0.4132260483 0.4132260483 0.4132260483 0.4132260483 0.4132260483 0.4132260483 0.4132260484 0.4132260485 0.4132260486 0.4132260487 0.4132260489 0.4132260492 0.4132260495 0.4132260500 0.4132260506 0.4132260513 0.4132260523 0.4132260535 0.4132260549 0.4132260567 0.4132260589 0.4132260614 0.4132260644 0.4132260677 0.4132260715 0.4132260767 0.4132260942 0.4132261711 0.4132263826 0.4132267026 0.4132269675 0.4132270885 0.4132271212 0.4132271294 0.4132271342 0.4132271383 0.4132271422 0.4132271456 0.4132271486 0.4132271512 0.4132271534 0.4132271553 0.4132271569 0.4132271581 0.4132271592 0.4132271600 0.4132271607 0.4132271612 0.4132271616 0.4132271619 0.4132271622 0.4132271623 0.4132271625 0.4132271626 0.4132271626 0.4132271627 0.4132271627 0.4132271628 0.4132271628 0.4132271628 0.4132271628 0.4132271628 0.4132271628 0.4132271628 0.4132271628 0.4132271628 0.4132271628 0.4132271628 0.4132271628 0.4132271628 0.4132271628 0.4132271628 0.4132271628 0.4132271627 0.4132271627 0.4132271626 0.4132271625 0.4132271623 0.4132271622 0.4132271619 0.4132271616 0.4132271611 0.4132271605 0.4132271598 0.4132271588 0.4132271576 0.4132271561 0.4132271543 0.4132271522 0.4132271496 0.4132271467 0.4132271433 0.4132271396 0.4132271343 0.4132271169 0.4132270400 0.4132268285 0.4132265085 0.4132262436 0.4132261226 0.4132260899 0.4132260817 0.4132260769 0.4132260727 0.4132260689 0.4132260655 0.4132260625 0.4132260599 0.4132260577 0.4132260558 0.4132260542 0.4132260529 0.4132260519 0.4132260510 0.4132260504 0.4132260499 0.4132260494 0.4132260491 0.4132260489 0.4132260487 0.4132260486 0.4132260485 0.4132260484 0.4132260484 0.4132260483 0.4132260483 0.4132260483 
0.4132260483 0.4132260483 0.4132260483 0.4132260483 0.4132260483 0.4132260483 0.4132260484 0.4132260484 0.4132260485 0.4132260487 0.4132260489 0.4132260491 0.4132260495 0.4132260500 0.4132260506 0.4132260515 0.4132260526 0.4132260540 0.4132260558 0.4132260580 0.4132260608 0.4132260641 0.4132260681 0.4132260727 0.4132260780 0.4132260839 0.4132260884 0.4132260733 0.4132259657 0.4132256606 0.4132252096 0.4132248511 0.4132247000 0.4132246709 0.4132246742 0.4132246812 0.4132246879 0.4132246940 0.4132246994 0.4132247042 0.4132247083 0.4132247118 0.4132247147 0.4132247171 0.4132247191 0.4132247207 0.4132247220 0.4132247230 0.4132247237 0.4132247243 0.4132247248 0.4132247251 0.4132247254 0.4132247256 0.4132247257 0.4132247258 0.4132247259 0.4132247260 0.4132247260 0.4132247260 0.4132247261 0.4132247261 0.4132247261 0.4132247261 0.4132247261 0.4132247261 0.4132247261 0.4132247261 0.4132247261 0.4132247261 0.4132247261 0.4132247261 0.4132247260 0.4132247260 0.4132247260 0.4132247259 0.4132247258 0.4132247257 0.4132247255 0.4132247252 0.4132247249 0.4132247244 0.4132247237 0.4132247229 0.4132247218 0.4132247203 0.4132247185 0.4132247163 0.4132247135 0.4132247102 0.4132247063 0.4132247017 0.4132246963 0.4132246904 0.4132246859 0.4132247011 0.4132248086 0.4132251137 0.4132255647 0.4132259232 0.4132260743 0.4132261034 0.4132261002 0.4132260931 0.4132260864 0.4132260803 0.4132260749 0.4132260702 0.4132260660 0.4132260626 0.4132260596 0.4132260572 0.4132260552 0.4132260536 0.4132260524 0.4132260514 0.4132260506 0.4132260500 0.4132260495 0.4132260492 0.4132260489 0.4132260487 0.4132260486 0.4132260485 0.4132260484 0.4132260484 0.4132260483 0.4132260483 
0.4132260483 0.4132260483 0.4132260483 0.4132260483 0.4132260483 0.4132260484 0.4132260484 0.4132260485 0.4132260487 0.4132260488 0.4132260491 0.4132260495 0.4132260501 0.4132260508 0.4132260518 0.4132260531 0.4132260548 0.4132260571 0.4132260599 0.4132260635 0.4132260679 0.4132260733 0.4132260797 0.4132260873 0.4132260961 0.4132261061 0.4132261204 0.4132261646 0.4132263378 0.4132267760 0.4132274000 0.4132278931 0.4132281120 0.4132281728 0.4132281913 0.4132282036 0.4132282147 0.4132282246 0.4132282334 0.4132282411 0.4132282477 0.4132282533 0.4132282579 0.4132282617 0.4132282648 0.4132282673 0.4132282692 0.4132282707 0.4132282719 0.4132282728 0.4132282735 0.4132282740 0.4132282744 0.4132282747 0.4132282749 0.4132282750 0.4132282751 0.4132282752 0.4132282753 0.4132282753 0.4132282753 0.4132282754 0.4132282754 0.4132282754 0.4132282754 0.4132282754 0.4132282754 0.4132282754 0.4132282754 0.4132282754 0.4132282754 0.4132282754 0.4132282753 0.4132282753 0.4132282752 0.4132282751 0.4132282750 0.4132282748 0.4132282745 0.4132282741 0.4132282736 0.4132282728 0.4132282719 0.4132282705 0.4132282688 0.4132282666 0.4132282637 0.4132282601 0.4132282557 0.4132282503 0.4132282439 0.4132282363 0.4132282276 0.4132282175 0.4132282033 0.4132281590 0.4132279858 0.4132275477 0.4132269236 0.4132264305 0.4132262116 0.4132261509 0.4132261324 0.4132261200 0.4132261090 0.4132260990 0.4132260902 0.4132260825 0.4132260759 0.4132260703 0.4132260657 0.4132260619 0.4132260588 0.4132260564 0.4132260544 0.4132260529 0.4132260517 0.4132260508 0.4132260501 0.4132260496 0.4132260492 0.4132260490 0.4132260488 0.4132260486 0.4132260485 0.4132260484 0.4132260484 0.4132260483 
0.4132260483 0.4132260483 0.4132260483 0.4132260483 0.4132260484 0.4132260484 0.4132260485 0.4132260486 0.4132260489 0.4132260491 0.4132260496 0.4132260502 0.4132260510 0.4132260521 0.4132260537 0.4132260558 0.4132260585 0.4132260621 0.4132260668 0.4132260726 0.4132260799 0.4132260888 0.4132260995 0.4132261121 0.4132261268 0.4132261433 0.4132261575 0.4132261354 0.4132259494 0.4132254300 0.4132246842 0.4132241105 0.4132238809 0.4132238458 0.4132238606 0.4132238804 0.4132238987 0.4132239152 0.4132239297 0.4132239422 0.4132239529 0.4132239619 0.4132239693 0.4132239753 0.4132239801 0.4132239839 0.4132239869 0.4132239892 0.4132239910 0.4132239924 0.4132239934 0.4132239942 0.4132239947 0.4132239951 0.4132239954 0.4132239956 0.4132239958 0.4132239959 0.4132239960 0.4132239960 0.4132239961 0.4132239961 0.4132239961 0.4132239961 0.4132239961 0.4132239961 0.4132239962 0.4132239961 0.4132239961 0.4132239961 0.4132239961 0.4132239961 0.4132239961 0.4132239960 0.4132239959 0.4132239958 0.4132239955 0.4132239952 0.4132239948 0.4132239942 0.4132239934 0.4132239923 0.4132239907 0.4132239886 0.4132239859 0.4132239823 0.4132239776 0.4132239718 0.4132239645 0.4132239556 0.4132239449 0.4132239323 0.4132239176 0.4132239011 0.4132238869 0.4132239090 0.4132240950 0.4132246144 0.4132253602 0.4132259339 0.4132261635 0.4132261986 0.4132261838 0.4132261640 0.4132261456 0.4132261292 0.4132261147 0.4132261022 0.4132260915 0.4132260825 0.4132260751 0.4132260691 0.4132260643 0.4132260605 0.4132260575 0.4132260551 0.4132260534 0.4132260520 0.4132260510 0.4132260502 0.4132260497 0.4132260493 0.4132260490 0.4132260488 0.4132260486 0.4132260485 0.4132260484 0.4132260484 
0.4132260484 0.4132260483 0.4132260483 0.4132260484 0.4132260484 0.4132260485 0.4132260486 0.4132260489 0.4132260492 0.4132260496 0.4132260503 0.4132260512 0.4132260525 0.4132260543 0.4132260568 0.4132260601 0.4132260645 0.4132260704 0.4132260779 0.4132260875 0.4132260995 0.4132261143 0.4132261322 0.4132261534 0.4132261782 0.4132262067 0.4132262440 0.4132263323 0.4132266283 0.4132273355 0.4132283155 0.4132290803 0.4132294250 0.4132295328 0.4132295774 0.4132296116 0.4132296423 0.4132296697 0.4132296936 0.4132297141 0.4132297315 0.4132297459 0.4132297577 0.4132297672 0.4132297748 0.4132297808 0.4132297854 0.4132297889 0.4132297916 0.4132297936 0.4132297952 0.4132297963 0.4132297971 0.4132297977 0.4132297981 0.4132297984 0.4132297986 0.4132297988 0.4132297989 0.4132297990 0.4132297990 0.4132297991 0.4132297991 0.4132297991 0.4132297991 0.4132297991 0.4132297991 0.4132297991 0.4132297991 0.4132297991 0.4132297991 0.4132297990 0.4132297990 0.4132297989 0.4132297987 0.4132297985 0.4132297982 0.4132297978 0.4132297971 0.4132297962 0.4132297949 0.4132297931 0.4132297906 0.4132297873 0.4132297829 0.4132297770 0.4132297695 0.4132297599 0.4132297479 0.4132297331 0.4132297152 0.4132296939 0.4132296692 0.4132296406 0.4132296034 0.4132295150 0.4132292191 0.4132285119 0.4132275319 0.4132267671 0.4132264223 0.4132263146 0.4132262700 0.4132262357 0.4132262051 0.4132261777 0.4132261538 0.4132261333 0.4132261159 0.4132261015 0.4132260897 0.4132260802 0.4132260726 0.4132260666 0.4132260620 0.4132260585 0.4132260558 0.4132260537 0.4132260522 0.4132260511 0.4132260503 0.4132260497 0.4132260493 0.4132260490 0.4132260487 0.4132260486 0.4132260485 0.4132260484 
0.4132260484 0.4132260484 0.4132260484 0.4132260484 0.4132260485 0.4132260486 0.4132260489 0.4132260492 0.4132260496 0.4132260503 0.4132260513 0.4132260528 0.4132260548 0.4132260577 0.4132260616 0.4132260669 0.4132260740 0.4132260835 0.4132260958 0.4132261115 0.4132261314 0.4132261561 0.4132261861 0.4132262219 0.4132262639 0.4132263118 0.4132263589 0.4132263529 0.4132261033 0.4132253667 0.4132243121 0.4132235205 0.4132232284 0.4132232128 0.4132232652 0.4132233217 0.4132233732 0.4132234187 0.4132234583 0.4132234919 0.4132235202 0.4132235434 0.4132235623 0.4132235773 0.4132235892 0.4132235984 0.4132236056 0.4132236110 0.4132236150 0.4132236181 0.4132236203 0.4132236219 0.4132236231 0.4132236240 0.4132236246 0.4132236250 0.4132236254 0.4132236256 0.4132236257 0.4132236258 0.4132236259 0.4132236259 0.4132236260 0.4132236260 0.4132236260 0.4132236260 0.4132236260 0.4132236260 0.4132236260 0.4132236260 0.4132236260 0.4132236259 0.4132236258 0.4132236257 0.4132236254 0.4132236251 0.4132236246 0.4132236239 0.4132236229 0.4132236215 0.4132236195 0.4132236166 0.4132236127 0.4132236074 0.4132236003 0.4132235908 0.4132235785 0.4132235628 0.4132235429 0.4132235182 0.4132234882 0.4132234523 0.4132234103 0.4132233625 0.4132233154 0.4132233214 0.4132235709 0.4132243076 0.4132253622 0.4132261538 0.4132264459 0.4132264615 0.4132264091 0.4132263526 0.4132263011 0.4132262556 0.4132262160 0.4132261824 0.4132261541 0.4132261309 0.4132261120 0.4132260970 0.4132260851 0.4132260758 0.4132260687 0.4132260633 0.4132260592 0.4132260562 0.4132260540 0.4132260523 0.4132260512 0.4132260503 0.4132260497 0.4132260492 0.4132260489 0.4132260487 0.4132260486 0.4132260485 
0.4132260485 0.4132260485 0.4132260485 0.4132260485 0.4132260487 0.4132260489 0.4132260492 0.4132260496 0.4132260504 0.4132260514 0.4132260530 0.4132260552 0.4132260584 0.4132260628 0.4132260690 0.4132260775 0.4132260889 0.4132261042 0.4132261243 0.4132261502 0.4132261832 0.4132262243 0.4132262747 0.4132263353 0.4132264067 0.4132264893 0.4132265905 0.4132267713 0.4132272549 0.4132283233 0.4132297675 0.4132308981 0.4132314370 0.4132316443 0.4132317607 0.4132318578 0.4132319444 0.4132320204 0.4132320858 0.4132321411 0.4132321870 0.4132322245 0.4132322546 0.4132322784 0.4132322970 0.4132323113 0.4132323222 0.4132323304 0.4132323365 0.4132323411 0.4132323443 0.4132323467 0.4132323485 0.4132323497 0.4132323506 0.4132323512 0.4132323516 0.4132323519 0.4132323521 0.4132323523 0.4132323524 0.4132323524 0.4132323525 0.4132323525 0.4132323525 0.4132323525 0.4132323525 0.4132323525 0.4132323525 0.4132323525 0.4132323524 0.4132323523 0.4132323522 0.4132323520 0.4132323517 0.4132323512 0.4132323505 0.4132323494 0.4132323478 0.4132323456 0.4132323424 0.4132323380 0.4132323318 0.4132323233 0.4132323119 0.4132322966 0.4132322765 0.4132322506 0.4132322176 0.4132321765 0.4132321261 0.4132320655 0.4132319942 0.4132319115 0.4132318103 0.4132316295 0.4132311459 0.4132300775 0.4132286333 0.4132275027 0.4132269638 0.4132267565 0.4132266401 0.4132265430 0.4132264564 0.4132263804 0.4132263150 0.4132262597 0.4132262138 0.4132261763 0.4132261462 0.4132261224 0.4132261038 0.4132260895 0.4132260786 0.4132260704 0.4132260643 0.4132260598 0.4132260565 0.4132260541 0.4132260524 0.4132260511 0.4132260502 0.4132260496 0.4132260492 0.4132260489 0.4132260487 0.4132260486 
0.4132260486 0.4132260486 0.4132260486 0.4132260487 0.4132260488 0.4132260491 0.4132260496 0.4132260503 0.4132260514 0.4132260530 0.4132260554 0.4132260588 0.4132260637 0.4132260707 0.4132260804 0.4132260939 0.4132261122 0.4132261369 0.4132261696 0.4132262122 0.4132262667 0.4132263354 0.4132264202 0.4132265228 0.4132266443 0.4132267847 0.4132269342 0.4132270178 0.4132267688 0.4132258533 0.4132245126 0.4132235432 0.4132232568 0.4132233404 0.4132235077 0.4132236709 0.4132238169 0.4132239440 0.4132240526 0.4132241434 0.4132242181 0.4132242784 0.4132243263 0.4132243639 0.4132243929 0.4132244150 0.4132244317 0.4132244441 0.4132244532 0.4132244599 0.4132244647 0.4132244682 0.4132244707 0.4132244724 0.4132244737 0.4132244745 0.4132244752 0.4132244756 0.4132244759 0.4132244760 0.4132244762 0.4132244763 0.4132244763 0.4132244764 0.4132244764 0.4132244764 0.4132244764 0.4132244764 0.4132244764 0.4132244763 0.4132244762 0.4132244761 0.4132244759 0.4132244756 0.4132244751 0.4132244744 0.4132244733 0.4132244717 0.4132244693 0.4132244659 0.4132244610 0.4132244540 0.4132244443 0.4132244308 0.4132244125 0.4132243878 0.4132243551 0.4132243125 0.4132242580 0.4132241893 0.4132241045 0.4132240019 0.4132238804 0.4132237400 0.4132235905 0.4132235069 0.4132237559 0.4132246714 0.4132260121 0.4132269815 0.4132272679 0.4132271843 0.4132270170 0.4132268538 0.4132267078 0.4132265807 0.4132264721 0.4132263813 0.4132263066 0.4132262463 0.4132261984 0.4132261608 0.4132261318 0.4132261097 0.4132260930 0.4132260806 0.4132260715 0.4132260648 0.4132260599 0.4132260565 0.4132260540 0.4132260522 0.4132260510 0.4132260501 0.4132260495 0.4132260491 0.4132260489 0.4132260487 
0.4132260487 0.4132260487 0.4132260487 0.4132260489 0.4132260491 0.4132260496 0.4132260503 0.4132260513 0.4132260530 0.4132260554 0.4132260590 0.4132260642 0.4132260718 0.4132260826 0.4132260978 0.4132261191 0.4132261483 0.4132261880 0.4132262411 0.4132263109 0.4132264012 0.4132265158 0.4132266585 0.4132268325 0.4132270401 0.4132272828 0.4132275702 0.4132279854 0.4132288303 0.4132304793 0.4132326338 0.4132343546 0.4132352695 0.4132357290 0.4132360525 0.4132363327 0.4132365793 0.4132367925 0.4132369726 0.4132371220 0.4132372434 0.4132373404 0.4132374167 0.4132374758 0.4132375209 0.4132375549 0.4132375803 0.4132375989 0.4132376126 0.4132376224 0.4132376295 0.4132376345 0.4132376380 0.4132376405 0.4132376422 0.4132376435 0.4132376443 0.4132376448 0.4132376452 0.4132376455 0.4132376457 0.4132376458 0.4132376459 0.4132376459 0.4132376460 0.4132376460 0.4132376460 0.4132376460 0.4132376459 0.4132376458 0.4132376457 0.4132376455 0.4132376452 0.4132376448 0.4132376440 0.4132376429 0.4132376413 0.4132376389 0.4132376353 0.4132376301 0.4132376225 0.4132376117 0.4132375965 0.4132375752 0.4132375460 0.4132375062 0.4132374532 0.4132373833 0.4132372931 0.4132371784 0.4132370358 0.4132368617 0.4132366542 0.4132364115 0.4132361241 0.4132357089 0.4132348640 0.4132332149 0.4132310605 0.4132293397 0.4132284247 0.4132279652 0.4132276418 0.4132273616 0.4132271149 0.4132269018 0.4132267217 0.4132265723 0.4132264509 0.4132263538 0.4132262776 0.4132262185 0.4132261734 0.4132261393 0.4132261140 0.4132260953 0.4132260817 0.4132260719 0.4132260648 0.4132260598 0.4132260563 0.4132260538 0.4132260520 0.4132260508 0.4132260500 0.4132260495 0.4132260491 0.4132260488 
0.4132260489 0.4132260488 0.4132260489 0.4132260491 0.4132260495 0.4132260502 0.4132260512 0.4132260528 0.4132260552 0.4132260588 0.4132260642 0.4132260721 0.4132260837 0.4132261004 0.4132261241 0.4132261575 0.4132262040 0.4132262676 0.4132263536 0.4132264679 0.4132266171 0.4132268084 0.4132270488 0.4132273444 0.4132276999 0.4132281167 0.4132285809 0.4132289870 0.4132289696 0.4132280760 0.4132266305 0.4132256899 0.4132256519 0.4132260850 0.4132266006 0.4132270775 0.4132274959 0.4132278538 0.4132281534 0.4132283989 0.4132285963 0.4132287522 0.4132288733 0.4132289660 0.4132290359 0.4132290880 0.4132291264 0.4132291543 0.4132291745 0.4132291889 0.4132291992 0.4132292063 0.4132292114 0.4132292149 0.4132292173 0.4132292190 0.4132292201 0.4132292209 0.4132292214 0.4132292217 0.4132292220 0.4132292221 0.4132292223 0.4132292223 0.4132292224 0.4132292224 0.4132292224 0.4132292223 0.4132292223 0.4132292222 0.4132292220 0.4132292217 0.4132292213 0.4132292206 0.4132292195 0.4132292179 0.4132292155 0.4132292119 0.4132292065 0.4132291986 0.4132291870 0.4132291703 0.4132291466 0.4132291132 0.4132290667 0.4132290031 0.4132289171 0.4132288028 0.4132286536 0.4132284623 0.4132282219 0.4132279263 0.4132275708 0.4132271540 0.4132266898 0.4132262837 0.4132263011 0.4132271947 0.4132286402 0.4132295808 0.4132296188 0.4132291857 0.4132286701 0.4132281932 0.4132277748 0.4132274169 0.4132271173 0.4132268718 0.4132266744 0.4132265185 0.4132263974 0.4132263047 0.4132262347 0.4132261827 0.4132261443 0.4132261164 0.4132260962 0.4132260818 0.4132260715 0.4132260644 0.4132260593 0.4132260558 0.4132260534 0.4132260518 0.4132260506 0.4132260499 0.4132260494 0.4132260491 
0.4132260491 0.4132260490 0.4132260492 0.4132260495 0.4132260501 0.4132260510 0.4132260525 0.4132260548 0.4132260584 0.4132260637 0.4132260718 0.4132260837 0.4132261012 0.4132261267 0.4132261635 0.4132262157 0.4132262891 0.4132263907 0.4132265296 0.4132267161 0.4132269625 0.4132272817 0.4132276869 0.4132281902 0.4132288009 0.4132295246 0.4132303740 0.4132314565 0.4132331669 0.4132359862 0.4132394878 0.4132424003 0.4132442173 0.4132453914 0.4132463325 0.4132471542 0.4132478660 0.4132484687 0.4132489672 0.4132493711 0.4132496917 0.4132499418 0.4132501336 0.4132502785 0.4132503864 0.4132504658 0.4132505236 0.4132505652 0.4132505948 0.4132506158 0.4132506305 0.4132506408 0.4132506478 0.4132506527 0.4132506561 0.4132506584 0.4132506599 0.4132506609 0.4132506616 0.4132506621 0.4132506624 0.4132506626 0.4132506628 0.4132506629 0.4132506629 0.4132506629 0.4132506629 0.4132506629 0.4132506628 0.4132506626 0.4132506624 0.4132506620 0.4132506613 0.4132506604 0.4132506588 0.4132506565 0.4132506529 0.4132506476 0.4132506395 0.4132506276 0.4132506100 0.4132505845 0.4132505478 0.4132504956 0.4132504222 0.4132503205 0.4132501817 0.4132499951 0.4132497488 0.4132494296 0.4132490244 0.4132485210 0.4132479103 0.4132471867 0.4132463373 0.4132452548 0.4132435443 0.4132407251 0.4132372234 0.4132343110 0.4132324939 0.4132313199 0.4132303788 0.4132295571 0.4132288452 0.4132282426 0.4132277441 0.4132273402 0.4132270196 0.4132267695 0.4132265777 0.4132264328 0.4132263249 0.4132262455 0.4132261877 0.4132261461 0.4132261165 0.4132260955 0.4132260808 0.4132260705 0.4132260634 0.4132260585 0.4132260552 0.4132260529 0.4132260514 0.4132260504 0.4132260497 0.4132260493 
0.4132260494 0.4132260493 0.4132260495 0.4132260500 0.4132260508 0.4132260521 0.4132260543 0.4132260577 0.4132260628 0.4132260707 0.4132260826 0.4132261004 0.4132261267 0.4132261655 0.4132262219 0.4132263030 0.4132264183 0.4132265799 0.4132268033 0.4132271070 0.4132275131 0.4132280454 0.4132287292 0.4132295879 0.4132306404 0.4132318964 0.4132333377 0.4132348138 0.4132358169 0.4132357205 0.4132349295 0.4132348104 0.4132358444 0.4132374225 0.4132390062 0.4132404211 0.4132416366 0.4132426534 0.4132434844 0.4132441485 0.4132446688 0.4132450690 0.4132453718 0.4132455974 0.4132457633 0.4132458837 0.4132459702 0.4132460316 0.4132460750 0.4132461052 0.4132461262 0.4132461407 0.4132461506 0.4132461574 0.4132461620 0.4132461651 0.4132461672 0.4132461686 0.4132461695 0.4132461701 0.4132461705 0.4132461708 0.4132461710 0.4132461711 0.4132461711 0.4132461712 0.4132461711 0.4132461711 0.4132461709 0.4132461707 0.4132461704 0.4132461698 0.4132461689 0.4132461675 0.4132461653 0.4132461619 0.4132461568 0.4132461489 0.4132461370 0.4132461192 0.4132460928 0.4132460540 0.4132459976 0.4132459165 0.4132458012 0.4132456396 0.4132454163 0.4132451125 0.4132447065 0.4132441741 0.4132434903 0.4132426317 0.4132415791 0.4132403232 0.4132388818 0.4132374058 0.4132364026 0.4132364991 0.4132372900 0.4132374092 0.4132363752 0.4132347970 0.4132332134 0.4132317985 0.4132305830 0.4132295661 0.4132287352 0.4132280711 0.4132275507 0.4132271505 0.4132268477 0.4132266221 0.4132264563 0.4132263359 0.4132262494 0.4132261879 0.4132261446 0.4132261143 0.4132260933 0.4132260788 0.4132260689 0.4132260622 0.4132260576 0.4132260545 0.4132260524 0.4132260511 0.4132260502 0.4132260497 
0.4132260497 0.4132260497 0.4132260500 0.4132260506 0.4132260518 0.4132260537 0.4132260568 0.4132260616 0.4132260690 0.4132260804 0.4132260978 0.4132261241 0.4132261635 0.4132262219 0.4132263079 0.4132264330 0.4132266130 0.4132268686 0.4132272263 0.4132277194 0.4132283872 0.4132292747 0.4132304293 0.4132318974 0.4132337176 0.4132359153 0.4132385120 0.4132416377 0.4132457856 0.4132515375 0.4132582469 0.4132641461 0.4132684975 0.4132718437 0.4132746827 0.4132771401 0.4132792232 0.4132809435 0.4132823296 0.4132834217 0.4132842647 0.4132849037 0.4132853798 0.4132857295 0.4132859829 0.4132861644 0.4132862930 0.4132863832 0.4132864460 0.4132864894 0.4132865191 0.4132865394 0.4132865532 0.4132865625 0.4132865687 0.4132865729 0.4132865757 0.4132865775 0.4132865787 0.4132865796 0.4132865801 0.4132865804 0.4132865806 0.4132865808 0.4132865809 0.4132865809 0.4132865808 0.4132865808 0.4132865806 0.4132865803 0.4132865798 0.4132865790 0.4132865777 0.4132865757 0.4132865726 0.4132865678 0.4132865604 0.4132865489 0.4132865315 0.4132865052 0.4132864659 0.4132864074 0.4132863214 0.4132861963 0.4132860163 0.4132857608 0.4132854030 0.4132849099 0.4132842421 0.4132833547 0.4132822001 0.4132807319 0.4132789117 0.4132767140 0.4132741173 0.4132709916 0.4132668437 0.4132610918 0.4132543824 0.4132484832 0.4132441317 0.4132407856 0.4132379466 0.4132354892 0.4132334062 0.4132316858 0.4132302997 0.4132292076 0.4132283646 0.4132277257 0.4132272495 0.4132268998 0.4132266464 0.4132264649 0.4132263363 0.4132262461 0.4132261833 0.4132261399 0.4132261102 0.4132260899 0.4132260761 0.4132260669 0.4132260606 0.4132260565 0.4132260537 0.4132260519 0.4132260508 0.4132260501 
0.4132260502 0.4132260502 0.4132260506 0.4132260515 0.4132260531 0.4132260558 0.4132260601 0.4132260669 0.4132260775 0.4132260939 0.4132261191 0.4132261575 0.4132262157 0.4132263030 0.4132264330 0.4132266245 0.4132269036 0.4132273052 0.4132278754 0.4132286727 0.4132297685 0.4132312462 0.4132331971 0.4132357123 0.4132388726 0.4132427307 0.4132472760 0.4132522829 0.4132570062 0.4132605067 0.4132631985 0.4132667532 0.4132716586 0.4132769792 0.4132819162 0.4132861980 0.4132897827 0.4132926998 0.4132950144 0.4132968090 0.4132981722 0.4132991886 0.4132999343 0.4133004734 0.4133008583 0.4133011298 0.4133013196 0.4133014509 0.4133015412 0.4133016028 0.4133016446 0.4133016727 0.4133016916 0.4133017043 0.4133017127 0.4133017182 0.4133017219 0.4133017243 0.4133017259 0.4133017270 0.4133017277 0.4133017281 0.4133017284 0.4133017286 0.4133017286 0.4133017287 0.4133017286 0.4133017285 0.4133017282 0.4133017278 0.4133017272 0.4133017261 0.4133017243 0.4133017215 0.4133017172 0.4133017104 0.4133016997 0.4133016833 0.4133016581 0.4133016197 0.4133015615 0.4133014741 0.4133013441 0.4133011527 0.4133008736 0.4133004720 0.4132999018 0.4132991045 0.4132980086 0.4132965309 0.4132945801 0.4132920648 0.4132889045 0.4132850465 0.4132805012 0.4132754942 0.4132707710 0.4132672704 0.4132645787 0.4132610240 0.4132561186 0.4132507980 0.4132458610 0.4132415791 0.4132379945 0.4132350773 0.4132327627 0.4132309681 0.4132296050 0.4132285885 0.4132278428 0.4132273037 0.4132269189 0.4132266474 0.4132264576 0.4132263262 0.4132262360 0.4132261744 0.4132261326 0.4132261044 0.4132260855 0.4132260729 0.4132260645 0.4132260590 0.4132260553 0.4132260530 0.4132260515 0.4132260506 
0.4132260507 0.4132260507 0.4132260513 0.4132260526 0.4132260548 0.4132260585 0.4132260645 0.4132260740 0.4132260889 0.4132261122 0.4132261483 0.4132262040 0.4132262891 0.4132264183 0.4132266130 0.4132269036 0.4132273328 0.4132279597 0.4132288632 0.4132301465 0.4132319389 0.4132343960 0.4132376927 0.4132420117 0.4132475207 0.4132543445 0.4132625537 0.4132722928 0.4132841061 0.4132985616 0.4133145041 0.4133292551 0.4133415432 0.4133518642 0.4133607322 0.4133682512 0.4133744461 0.4133794051 0.4133832719 0.4133862178 0.4133884158 0.4133900265 0.4133911879 0.4133920139 0.4133925940 0.4133929972 0.4133932749 0.4133934645 0.4133935930 0.4133936797 0.4133937377 0.4133937765 0.4133938021 0.4133938192 0.4133938304 0.4133938377 0.4133938426 0.4133938457 0.4133938478 0.4133938491 0.4133938500 0.4133938505 0.4133938509 0.4133938511 0.4133938512 0.4133938512 0.4133938511 0.4133938510 0.4133938506 0.4133938501 0.4133938491 0.4133938476 0.4133938453 0.4133938414 0.4133938354 0.4133938259 0.4133938109 0.4133937876 0.4133937515 0.4133936959 0.4133936108 0.4133934815 0.4133932868 0.4133929962 0.4133925670 0.4133919401 0.4133910366 0.4133897533 0.4133879608 0.4133855038 0.4133822071 0.4133778880 0.4133723790 0.4133655551 0.4133573459 0.4133476067 0.4133357934 0.4133213378 0.4133053953 0.4132906444 0.4132783564 0.4132680354 0.4132591675 0.4132516485 0.4132454536 0.4132404946 0.4132366278 0.4132336820 0.4132314839 0.4132298733 0.4132287119 0.4132278859 0.4132273058 0.4132269026 0.4132266249 0.4132264353 0.4132263068 0.4132262201 0.4132261621 0.4132261234 0.4132260977 0.4132260807 0.4132260695 0.4132260621 0.4132260574 0.4132260543 0.4132260524 0.4132260512 
0.4132260514 0.4132260515 0.4132260523 0.4132260540 0.4132260571 0.4132260621 0.4132260704 0.4132260835 0.4132261042 0.4132261369 0.4132261880 0.4132262676 0.4132263907 0.4132265799 0.4132268686 0.4132273052 0.4132279597 0.4132289302 0.4132303520 0.4132324061 0.4132353265 0.4132394026 0.4132449730 0.4132524038 0.4132620492 0.4132741873 0.4132889180 0.4133058996 0.4133238972 0.4133412272 0.4133578905 0.4133755111 0.4133941404 0.4134120439 0.4134278631 0.4134411429 0.4134518978 0.4134603462 0.4134668074 0.4134716335 0.4134751655 0.4134777045 0.4134795022 0.4134807580 0.4134816256 0.4134822189 0.4134826214 0.4134828923 0.4134830736 0.4134831941 0.4134832740 0.4134833267 0.4134833613 0.4134833839 0.4134833987 0.4134834084 0.4134834146 0.4134834187 0.4134834213 0.4134834230 0.4134834241 0.4134834248 0.4134834252 0.4134834255 0.4134834256 0.4134834256 0.4134834255 0.4134834253 0.4134834248 0.4134834241 0.4134834228 0.4134834208 0.4134834176 0.4134834124 0.4134834041 0.4134833909 0.4134833701 0.4134833375 0.4134832863 0.4134832067 0.4134830836 0.4134828944 0.4134826058 0.4134821691 0.4134815146 0.4134805441 0.4134791222 0.4134770681 0.4134741477 0.4134700716 0.4134645012 0.4134570703 0.4134474249 0.4134352867 0.4134205560 0.4134035744 0.4133855767 0.4133682468 0.4133515835 0.4133339630 0.4133153337 0.4132974301 0.4132816111 0.4132683313 0.4132575765 0.4132491280 0.4132426669 0.4132378407 0.4132343088 0.4132317698 0.4132299721 0.4132287163 0.4132278487 0.4132272554 0.4132268530 0.4132265820 0.4132264008 0.4132262802 0.4132262003 0.4132261477 0.4132261131 0.4132260904 0.4132260756 0.4132260660 0.4132260598 0.4132260559 0.4132260534 0.4132260520 
0.4132260522 0.4132260524 0.4132260535 0.4132260558 0.4132260599 0.4132260668 0.4132260779 0.4132260958 0.4132261243 0.4132261696 0.4132262411 0.4132263536 0.4132265296 0.4132268033 0.4132272263 0.4132278754 0.4132288632 0.4132303520 0.4132325713 0.4132358372 0.4132405708 0.4132473120 0.4132567159 0.4132695229 0.4132864861 0.4133082516 0.4133352245 0.4133676092 0.4134057435 0.4134495467 0.4134962228 0.4135407563 0.4135801625 0.4136141770 0.4136429840 0.4136666321 0.4136853906 0.4136998127 0.4137106024 0.4137184876 0.4137241359 0.4137281136 0.4137308747 0.4137327680 0.4137340529 0.4137349173 0.4137354944 0.4137358774 0.4137361302 0.4137362962 0.4137364048 0.4137364757 0.4137365217 0.4137365516 0.4137365709 0.4137365833 0.4137365914 0.4137365966 0.4137365999 0.4137366020 0.4137366034 0.4137366042 0.4137366047 0.4137366051 0.4137366052 0.4137366052 0.4137366051 0.4137366048 0.4137366042 0.4137366032 0.4137366015 0.4137365989 0.4137365945 0.4137365875 0.4137365763 0.4137365584 0.4137365298 0.4137364845 0.4137364129 0.4137363004 0.4137361245 0.4137358507 0.4137354277 0.4137347786 0.4137337908 0.4137323019 0.4137300825 0.4137268166 0.4137220829 0.4137153415 0.4137059375 0.4136931303 0.4136761668 0.4136544010 0.4136274279 0.4135950429 0.4135569083 0.4135131050 0.4134664289 0.4134218958 0.4133824898 0.4133484757 0.4133196690 0.4132960212 0.4132772628 0.4132628409 0.4132520514 0.4132441662 0.4132385180 0.4132345403 0.4132317793 0.4132298860 0.4132286011 0.4132277367 0.4132271596 0.4132267766 0.4132265239 0.4132263578 0.4132262492 0.4132261784 0.4132261324 0.4132261025 0.4132260832 0.4132260708 0.4132260629 0.4132260578 0.4132260547 0.4132260530 
0.4132260532 0.4132260535 0.4132260549 0.4132260580 0.4132260635 0.4132260726 0.4132260875 0.4132261115 0.4132261502 0.4132262122 0.4132263109 0.4132264679 0.4132267161 0.4132271070 0.4132277194 0.4132286727 0.4132301465 0.4132324061 0.4132358372 0.4132409868 0.4132486101 0.4132597102 0.4132755576 0.4132976563 0.4133276256 0.4133669554 0.4134166026 0.4134762926 0.4135435920 0.4136144092 0.4136861259 0.4137579797 0.4138272892 0.4138897064 0.4139424347 0.4139848752 0.4140177490 0.4140424027 0.4140603938 0.4140732249 0.4140822030 0.4140883859 0.4140925884 0.4140954138 0.4140972964 0.4140985413 0.4140993594 0.4140998943 0.4141002424 0.4141004682 0.4141006142 0.4141007083 0.4141007689 0.4141008077 0.4141008327 0.4141008486 0.4141008588 0.4141008653 0.4141008695 0.4141008721 0.4141008738 0.4141008749 0.4141008755 0.4141008759 0.4141008761 0.4141008761 0.4141008759 0.4141008754 0.4141008747 0.4141008734 0.4141008712 0.4141008677 0.4141008620 0.4141008527 0.4141008377 0.4141008136 0.4141007749 0.4141007129 0.4141006141 0.4141004572 0.4141002089 0.4140998179 0.4140992056 0.4140982523 0.4140967784 0.4140945187 0.4140910875 0.4140859377 0.4140783142 0.4140672139 0.4140513661 0.4140292668 0.4139992970 0.4139599666 0.4139103188 0.4138506284 0.4137833289 0.4137125118 0.4136407953 0.4135689418 0.4134996327 0.4134372160 0.4133844883 0.4133420483 0.4133091750 0.4132845216 0.4132665308 0.4132536998 0.4132447219 0.4132385390 0.4132343365 0.4132315112 0.4132296286 0.4132283837 0.4132275656 0.4132270308 0.4132266826 0.4132264568 0.4132263108 0.4132262167 0.4132261562 0.4132261173 0.4132260924 0.4132260766 0.4132260664 0.4132260601 0.4132260562 0.4132260541 
0.4132260544 0.4132260548 0.4132260567 0.4132260608 0.4132260679 0.4132260799 0.4132260995 0.4132261314 0.4132261832 0.4132262667 0.4132264012 0.4132266171 0.4132269625 0.4132275131 0.4132283872 0.4132297685 0.4132319389 0.4132353265 0.4132405708 0.4132486101 0.4132607855 0.4132789543 0.4133055763 0.4133437212 0.4133969000 0.4134686228 0.4135616453 0.4136771982 0.4138145835 0.4139699188 0.4141332879 0.4142907278 0.4144318669 0.4145522178 0.4146504819 0.4147273621 0.4147852351 0.4148274042 0.4148573177 0.4148780802 0.4148922391 0.4149017587 0.4149080861 0.4149122533 0.4149149774 0.4149167475 0.4149178921 0.4149186294 0.4149191027 0.4149194057 0.4149195994 0.4149197229 0.4149198015 0.4149198515 0.4149198833 0.4149199035 0.4149199163 0.4149199244 0.4149199296 0.4149199328 0.4149199348 0.4149199361 0.4149199369 0.4149199373 0.4149199375 0.4149199375 0.4149199373 0.4149199367 0.4149199357 0.4149199341 0.4149199313 0.4149199267 0.4149199193 0.4149199071 0.4149198874 0.4149198554 0.4149198036 0.4149197200 0.4149195854 0.4149193695 0.4149190241 0.4149184735 0.4149175993 0.4149162178 0.4149140473 0.4149106595 0.4149054148 0.4148973751 0.4148851989 0.4148670291 0.4148404058 0.4148022591 0.4147490780 0.4146773527 0.4145843274 0.4144687720 0.4143313847 0.4141760484 0.4140126800 0.4138552424 0.4137141062 0.4135937584 0.4134954970 0.4134186190 0.4133607477 0.4133185800 0.4132886673 0.4132679054 0.4132537469 0.4132442276 0.4132379003 0.4132337332 0.4132310092 0.4132292391 0.4132280945 0.4132273573 0.4132268840 0.4132265809 0.4132263873 0.4132262638 0.4132261852 0.4132261352 0.4132261035 0.4132260833 0.4132260707 0.4132260628 0.4132260580 0.4132260554 
0.4132260557 0.4132260563 0.4132260589 0.4132260641 0.4132260733 0.4132260888 0.4132261143 0.4132261561 0.4132262243 0.4132263354 0.4132265158 0.4132268084 0.4132272817 0.4132280454 0.4132292747 0.4132312462 0.4132343960 0.4132394026 0.4132473120 0.4132597102 0.4132789543 0.4133084524 0.4133529517 0.4134187250 0.4135134533 0.4136454830 0.4138220885 0.4140464057 0.4143135567 0.4146095807 0.4149164365 0.4152160052 0.4154896561 0.4157223187 0.4159078768 0.4160484743 0.4161507704 0.4162228401 0.4162723439 0.4163056802 0.4163277868 0.4163422725 0.4163516776 0.4163577403 0.4163616271 0.4163641080 0.4163656865 0.4163666881 0.4163673225 0.4163677236 0.4163679769 0.4163681368 0.4163682376 0.4163683011 0.4163683412 0.4163683664 0.4163683822 0.4163683922 0.4163683985 0.4163684024 0.4163684049 0.4163684064 0.4163684074 0.4163684079 0.4163684081 0.4163684081 0.4163684078 0.4163684071 0.4163684058 0.4163684037 0.4163684002 0.4163683943 0.4163683848 0.4163683691 0.4163683434 0.4163683015 0.4163682332 0.4163681221 0.4163679415 0.4163676490 0.4163671756 0.4163664117 0.4163651823 0.4163632105 0.4163600604 0.4163550532 0.4163471429 0.4163347436 0.4163154976 0.4162859968 0.4162414939 0.4161757158 0.4160809812 0.4159489443 0.4157723311 0.4155480073 0.4152808522 0.4149848277 0.4146779745 0.4143784111 0.4141047673 0.4138721126 0.4136865619 0.4135459702 0.4134436785 0.4133716119 0.4133221101 0.4132887751 0.4132666694 0.4132521841 0.4132427794 0.4132367169 0.4132328302 0.4132303493 0.4132287709 0.4132277693 0.4132271349 0.4132267339 0.4132264805 0.4132263207 0.4132262199 0.4132261564 0.4132261164 0.4132260913 0.4132260756 0.4132260659 0.4132260601 0.4132260569 
0.4132260573 0.4132260581 0.4132260614 0.4132260681 0.4132260797 0.4132260995 0.4132261322 0.4132261861 0.4132262747 0.4132264202 0.4132266585 0.4132270488 0.4132276869 0.4132287292 0.4132304293 0.4132331971 0.4132376927 0.4132449730 0.4132567159 0.4132755576 0.4133055763 0.4133529517 0.4134267704 0.4135398314 0.4137090394 0.4139545929 0.4142968297 0.4147500502 0.4153141195 0.4159655280 0.4166531333 0.4173114783 0.4178877323 0.4183559389 0.4187136456 0.4189734667 0.4191548267 0.4192776526 0.4193589846 0.4194119539 0.4194460335 0.4194677660 0.4194815353 0.4194902188 0.4194956767 0.4194990991 0.4195012416 0.4195025815 0.4195034188 0.4195039419 0.4195042685 0.4195044725 0.4195046000 0.4195046796 0.4195047293 0.4195047604 0.4195047798 0.4195047920 0.4195047996 0.4195048044 0.4195048073 0.4195048091 0.4195048102 0.4195048108 0.4195048111 0.4195048110 0.4195048106 0.4195048097 0.4195048082 0.4195048055 0.4195048011 0.4195047937 0.4195047816 0.4195047616 0.4195047287 0.4195046746 0.4195045859 0.4195044403 0.4195042019 0.4195038115 0.4195031732 0.4195021306 0.4195004301 0.4194976617 0.4194931650 0.4194858831 0.4194741378 0.4194552923 0.4194252679 0.4193778841 0.4193040533 0.4191909752 0.4190217443 0.4187761621 0.4184338927 0.4179806399 0.4174165454 0.4167651265 0.4160775317 0.4154192149 0.4148429971 0.4143748259 0.4140171491 0.4137573506 0.4135760064 0.4134531910 0.4133718657 0.4133189006 0.4132848235 0.4132630925 0.4132493241 0.4132406411 0.4132351835 0.4132317613 0.4132296189 0.4132282790 0.4132274418 0.4132269187 0.4132265921 0.4132263881 0.4132262607 0.4132261811 0.4132261314 0.4132261004 0.4132260812 0.4132260694 0.4132260624 0.4132260586 
0.4132260591 0.4132260602 0.4132260644 0.4132260727 0.4132260873 0.4132261121 0.4132261534 0.4132262219 0.4132263353 0.4132265228 0.4132268325 0.4132273444 0.4132281902 0.4132295879 0.4132318974 0.4132357123 0.4132420117 0.4132524038 0.4132695229 0.4132976563 0.4133437212 0.4134187250 0.4135398314 0.4137329716 0.4140354542 0.4144968690 0.4151746514 0.4161186075 0.4173409678 0.4187838807 0.4203156674 0.4217718270 0.4230171009 0.4239883513 0.4246931226 0.4251783121 0.4255001708 0.4257082633 0.4258404635 0.4259234646 0.4259751722 0.4260072230 0.4260270282 0.4260392444 0.4260467732 0.4260514118 0.4260542705 0.4260560328 0.4260571201 0.4260577914 0.4260582062 0.4260584628 0.4260586216 0.4260587200 0.4260587810 0.4260588188 0.4260588423 0.4260588569 0.4260588660 0.4260588716 0.4260588751 0.4260588773 0.4260588785 0.4260588792 0.4260588795 0.4260588794 0.4260588789 0.4260588778 0.4260588759 0.4260588726 0.4260588671 0.4260588579 0.4260588428 0.4260588176 0.4260587761 0.4260587074 0.4260585939 0.4260584063 0.4260580963 0.4260575842 0.4260567378 0.4260553395 0.4260530289 0.4260492122 0.4260429102 0.4260325139 0.4260153881 0.4259872444 0.4259411635 0.4258661353 0.4257449923 0.4255517985 0.4252492410 0.4247877276 0.4241098278 0.4231657531 0.4219433044 0.4205003642 0.4189686212 0.4175125622 0.4162674165 0.4152962902 0.4145916187 0.4141065004 0.4137846884 0.4135766250 0.4134444423 0.4133614515 0.4133097497 0.4132777023 0.4132578989 0.4132456837 0.4132381555 0.4132335172 0.4132306587 0.4132288964 0.4132278091 0.4132271379 0.4132267230 0.4132264665 0.4132263077 0.4132262094 0.4132261485 0.4132261108 0.4132260875 0.4132260734 0.4132260650 0.4132260606 
0.4132260610 0.4132260625 0.4132260677 0.4132260780 0.4132260961 0.4132261268 0.4132261782 0.4132262639 0.4132264067 0.4132266443 0.4132270401 0.4132276999 0.4132288009 0.4132306404 0.4132337176 0.4132388726 0.4132475207 0.4132620492 0.4132864861 0.4133276256 0.4133969000 0.4135134533 0.4137090394 0.4140354542 0.4145747651 0.4154507073 0.4168342654 0.4189238310 0.4218599169 0.4255552715 0.4295748861 0.4332987396 0.4362815093 0.4384229623 0.4398544012 0.4407699664 0.4413398526 0.4416887755 0.4419004004 0.4420281232 0.4421050488 0.4421513667 0.4421792771 0.4421961198 0.4422063017 0.4422124694 0.4422162130 0.4422184900 0.4422198777 0.4422207251 0.4422212435 0.4422215612 0.4422217561 0.4422218760 0.4422219497 0.4422219952 0.4422220233 0.4422220406 0.4422220513 0.4422220580 0.4422220620 0.4422220645 0.4422220660 0.4422220668 0.4422220671 0.4422220669 0.4422220663 0.4422220650 0.4422220626 0.4422220586 0.4422220519 0.4422220406 0.4422220219 0.4422219908 0.4422219391 0.4422218531 0.4422217101 0.4422214720 0.4422210758 0.4422204152 0.4422193130 0.4422174716 0.4422143915 0.4422092317 0.4422005760 0.4421860354 0.4421615791 0.4421204088 0.4420510855 0.4419344553 0.4417387493 0.4414121513 0.4408725686 0.4399962444 0.4386121961 0.4365221004 0.4335856089 0.4298901467 0.4258707525 0.4221473554 0.4191651428 0.4170241984 0.4155931364 0.4146778163 0.4141080779 0.4137592401 0.4135476626 0.4134199658 0.4133430541 0.4132967435 0.4132688369 0.4132519961 0.4132418150 0.4132356477 0.4132319042 0.4132296272 0.4132282395 0.4132273921 0.4132268737 0.4132265561 0.4132263611 0.4132262413 0.4132261676 0.4132261223 0.4132260946 0.4132260777 0.4132260679 0.4132260627 
0.4132260631 0.4132260652 0.4132260715 0.4132260839 0.4132261061 0.4132261433 0.4132262067 0.4132263118 0.4132264893 0.4132267847 0.4132272828 0.4132281167 0.4132295246 0.4132318964 0.4132359153 0.4132427307 0.4132543445 0.4132741873 0.4133082516 0.4133669554 0.4134686228 0.4136454830 0.4139545929 0.4144968690 0.4154507073 0.4171294727 0.4200740067 0.4251266329 0.4331797772 0.4442494466 0.4566548464 0.4677831377 0.4759314383 0.4810839426 0.4841131652 0.4858566219 0.4868572417 0.4874322092 0.4877636525 0.4879555323 0.4880671965 0.4881325023 0.4881709059 0.4881935880 0.4882070565 0.4882150789 0.4882198842 0.4882227659 0.4882245060 0.4882255543 0.4882261926 0.4882265779 0.4882268148 0.4882269573 0.4882270463 0.4882270992 0.4882271331 0.4882271526 0.4882271658 0.4882271728 0.4882271780 0.4882271805 0.4882271825 0.4882271831 0.4882271836 0.4882271833 0.4882271826 0.4882271810 0.4882271781 0.4882271734 0.4882271650 0.4882271517 0.4882271285 0.4882270911 0.4882270269 0.4882269217 0.4882267435 0.4882264476 0.4882259482 0.4882251129 0.4882237023 0.4882213268 0.4882173015 0.4882104767 0.4881988477 0.4881789816 0.4881448805 0.4880861200 0.4879843650 0.4878073721 0.4874980639 0.4869555050 0.4860012933 0.4843221377 0.4813776021 0.4763268232 0.4682796505 0.4572179105 0.4448140270 0.4336799644 0.4255262350 0.4203713718 0.4173412988 0.4155974222 0.4145965346 0.4140213855 0.4136898199 0.4134978579 0.4133861394 0.4133207978 0.4132823709 0.4132596736 0.4132461954 0.4132381664 0.4132333571 0.4132304726 0.4132287310 0.4132276814 0.4132270426 0.4132266568 0.4132264198 0.4132262770 0.4132261882 0.4132261352 0.4132261018 0.4132260827 0.4132260708 0.4132260652 
0.4132260645 0.4132260680 0.4132260767 0.4132260884 0.4132261204 0.4132261575 0.4132262440 0.4132263589 0.4132265905 0.4132269342 0.4132275702 0.4132285809 0.4132303740 0.4132333377 0.4132385120 0.4132472760 0.4132625537 0.4132889180 0.4133352245 0.4134166026 0.4135616453 0.4138220885 0.4142968297 0.4151746514 0.4168342654 0.4200740067 0.4266708724 0.4401076571 0.4645247128 0.5001141379 0.5403155628 0.5756685353 0.5999540343 0.6134272906 0.6201092053 0.6234226784 0.6251362746 0.6260515704 0.6265517074 0.6268290430 0.6269852511 0.6270739209 0.6271250055 0.6271544563 0.6271717572 0.6271818135 0.6271878429 0.6271913422 0.6271934993 0.6271947282 0.6271955222 0.6271959515 0.6271962550 0.6271963999 0.6271965228 0.6271965667 0.6271966209 0.6271966299 0.6271966564 0.6271966546 0.6271966687 0.6271966647 0.6271966723 0.6271966691 0.6271966721 0.6271966706 0.6271966694 0.6271966693 0.6271966626 0.6271966618 0.6271966455 0.6271966378 0.6271966002 0.6271965672 0.6271964762 0.6271963655 0.6271961305 0.6271957915 0.6271951539 0.6271941506 0.6271923612 0.6271894142 0.6271842611 0.6271755455 0.6271603467 0.6271341373 0.6270881054 0.6270072462 0.6268631573 0.6266045183 0.6261331896 0.6252619694 0.6236153930 0.6204029204 0.6138703578 0.6005992340 0.5765283791 0.5413195787 0.5011318803 0.4654151338 0.4407835437 0.4271375792 0.4203841760 0.4170379390 0.4153074800 0.4143830359 0.4138778287 0.4135976243 0.4134397821 0.4133501614 0.4132985272 0.4132687476 0.4132512568 0.4132410825 0.4132349868 0.4132314430 0.4132292636 0.4132280163 0.4132272160 0.4132267779 0.4132264741 0.4132263238 0.4132262033 0.4132261549 0.4132261049 0.4132260917 0.4132260711 0.4132260696 
0.4132260618 0.4132260672 0.4132260942 0.4132260733 0.4132261646 0.4132261354 0.4132263323 0.4132263529 0.4132267713 0.4132270178 0.4132279854 0.4132289870 0.4132314565 0.4132348138 0.4132416377 0.4132522829 0.4132722928 0.4133058996 0.4133676092 0.4134762926 0.4136771982 0.4140464057 0.4147500502 0.4161186075 0.4189238310 0.4251266329 0.4401076571 0.4749797754 0.5391961891 0.6239235836 0.7108692751 0.7892686980 0.8472861846 0.8792100368 0.8932096851 0.8990937266 0.9017824140 0.9031058776 0.9037928441 0.9041566730 0.9043567901 0.9044660999 0.9045289457 0.9045634918 0.9045843824 0.9045955736 0.9046029059 0.9046065072 0.9046092583 0.9046103386 0.9046114737 0.9046117168 0.9046122508 0.9046122280 0.9046125198 0.9046124265 0.9046126075 0.9046125099 0.9046126302 0.9046125501 0.9046126298 0.9046125735 0.9046126210 0.9046125902 0.9046126087 0.9046126037 0.9046125937 0.9046126144 0.9046125735 0.9046126192 0.9046125409 0.9046126069 0.9046124750 0.9046125448 0.9046123180 0.9046123381 0.9046119061 0.9046117127 0.9046107670 0.9046098662 0.9046075145 0.9046044124 0.9045979891 0.9045880854 0.9045693519 0.9045380425 0.9044804376 0.9043792169 0.9041920381 0.9038485034 0.9031939654 0.9019221203 0.8993171789 0.8935717914 0.8798008076 0.8481896364 0.7904322369 0.7121442708 0.6252888660 0.5405594818 0.4760696952 0.4408260660 0.4255688712 0.4191970631 0.4162892489 0.4148573973 0.4141140716 0.4137200738 0.4135034215 0.4133849052 0.4133168541 0.4132793295 0.4132567249 0.4132445257 0.4132366153 0.4132326557 0.4132297121 0.4132284932 0.4132273024 0.4132269947 0.4132264567 0.4132264380 0.4132261647 0.4132262210 0.4132260715 0.4132261294 0.4132260514 0.4132260864 
0.4132260534 0.4132260403 0.4132261711 0.4132259657 0.4132263378 0.4132259494 0.4132266283 0.4132261033 0.4132272549 0.4132267688 0.4132288303 0.4132289696 0.4132331669 0.4132358169 0.4132457856 0.4132570062 0.4132841061 0.4133238972 0.4134057435 0.4135435920 0.4138145835 0.4143135567 0.4153141195 0.4173409678 0.4218599169 0.4331797772 0.4645247128 0.5391961891 0.6510100680 0.7320286538 0.7713229015 0.8321438342 0.9100167338 0.9623942672 0.9850770149 0.9934628024 0.9968542891 0.9983881051 0.9991523371 0.9995362854 0.9997471850 0.9998551342 0.9999202114 0.9999519179 0.9999740206 0.9999830763 0.9999914722 0.9999935738 0.9999972672 0.9999972639 0.9999991957 0.9999986286 0.9999998136 0.9999991729 0.9999999830 0.9999994178 1.0000000000 0.9999995489 0.9999999671 0.9999996343 0.9999999191 0.9999997006 0.9999998671 0.9999997585 0.9999998136 0.9999998130 0.9999997572 0.9999998661 0.9999996942 0.9999999168 0.9999996157 0.9999999570 0.9999995001 0.9999999592 0.9999992905 0.9999998385 0.9999988294 0.9999993421 0.9999976634 0.9999977138 0.9999944546 0.9999926600 0.9999851348 0.9999770443 0.9999568881 0.9999278169 0.9998673918 0.9997663686 0.9995670962 0.9992013805 0.9984674998 0.9969834913 0.9936782035 0.9854471190 0.9630293361 0.9109257213 0.8329450334 0.7716274351 0.7324249424 0.6522360709 0.5406567702 0.4655511377 0.4337800762 0.4222099732 0.4175506432 0.4154424598 0.4143925586 0.4138639701 0.4135742587 0.4134252309 0.4133359776 0.4132919461 0.4132617861 0.4132490068 0.4132376904 0.4132345330 0.4132296756 0.4132294433 0.4132270036 0.4132275593 0.4132261474 0.4132268047 0.4132259163 0.4132264605 0.4132259011 0.4132262703 0.4132259617 0.4132261411 
0.4132260572 0.4132259408 0.4132263826 0.4132256606 0.4132267760 0.4132254300 0.4132273355 0.4132253667 0.4132283233 0.4132258533 0.4132304793 0.4132280760 0.4132359862 0.4132357205 0.4132515375 0.4132605067 0.4132985616 0.4133412272 0.4134495467 0.4136144092 0.4139699188 0.4146095807 0.4159655280 0.4187838807 0.4255552715 0.4442494466 0.5001141379 0.6239235836 0.7320286538 0.6467138120 0.4851472745 0.4536589437 0.5222095418 0.5843641090 0.6117599332 0.6210222015 0.6244127721 0.6258353915 0.6265255910 0.6268536967 0.6270377722 0.6271238248 0.6271809710 0.6272036667 0.6272241653 0.6272290211 0.6272377534 0.6272375653 0.6272420792 0.6272406339 0.6272434070 0.6272418355 0.6272437494 0.6272423708 0.6272437710 0.6272426549 0.6272436936 0.6272428375 0.6272435906 0.6272429755 0.6272434843 0.6272430927 0.6272433799 0.6272432001 0.6272432764 0.6272433042 0.6272431704 0.6272434091 0.6272430561 0.6272435167 0.6272429241 0.6272436243 0.6272427542 0.6272437146 0.6272424982 0.6272437281 0.6272420278 0.6272434758 0.6272409801 0.6272423755 0.6272382852 0.6272386204 0.6272306624 0.6272264689 0.6272076154 0.6271869271 0.6271336575 0.6270531803 0.6268789208 0.6265662202 0.6259026473 0.6245249426 0.6212162369 0.6121089825 0.5849810526 0.5230337908 0.4540433050 0.4842694913 0.6452280923 0.7321170804 0.6254311997 0.5014132401 0.4450049499 0.4259782878 0.4190288204 0.4161122871 0.4146981404 0.4140248033 0.4136478944 0.4134708756 0.4133541334 0.4133071046 0.4132654840 0.4132550824 0.4132375863 0.4132375415 0.4132287076 0.4132312308 0.4132259929 0.4132287450 0.4132253105 0.4132276197 0.4132252963 0.4132270015 0.4132254962 0.4132265821 0.4132257630 0.4132262440 
0.4132260973 0.4132257694 0.4132267026 0.4132252096 0.4132274000 0.4132246842 0.4132283155 0.4132243121 0.4132297675 0.4132245126 0.4132326338 0.4132266305 0.4132394878 0.4132349295 0.4132582469 0.4132631985 0.4133145041 0.4133578905 0.4134962228 0.4136861259 0.4141332879 0.4149164365 0.4166531333 0.4203156674 0.4295748861 0.4566548464 0.5403155628 0.7108692751 0.7713229015 0.4851472745 0.1690534923 0.0876615429 0.1538843407 0.2212778246 0.2506346918 0.2600031618 0.2632195497 0.2645018071 0.2651136452 0.2653923750 0.2655521337 0.2656211262 0.2656712002 0.2656874786 0.2657062629 0.2657083656 0.2657170065 0.2657154269 0.2657202891 0.2657180181 0.2657212071 0.2657190839 0.2657213707 0.2657195981 0.2657213013 0.2657198982 0.2657211686 0.2657201072 0.2657210256 0.2657202736 0.2657208866 0.2657204186 0.2657207530 0.2657205535 0.2657206217 0.2657206852 0.2657204879 0.2657208191 0.2657203452 0.2657209589 0.2657201836 0.2657211051 0.2657199847 0.2657212476 0.2657197067 0.2657213436 0.2657192433 0.2657212498 0.2657182985 0.2657205096 0.2657160024 0.2657176779 0.2657096749 0.2657080829 0.2656906467 0.2656759819 0.2656291084 0.2655647237 0.2654132254 0.2651476238 0.2645589424 0.2633166979 0.2601754481 0.2509534436 0.2218545400 0.1546735847 0.0880684010 0.1681385076 0.4829790472 0.7703859378 0.7121853103 0.5417781522 0.4575262883 0.4300538445 0.4205872098 0.4168134185 0.4150118927 0.4141920404 0.4137215812 0.4135188034 0.4133713633 0.4133235108 0.4132683116 0.4132619998 0.4132367937 0.4132411628 0.4132272163 0.4132334719 0.4132245930 0.4132302625 0.4132241933 0.4132286670 0.4132244877 0.4132276898 0.4132249829 0.4132269649 0.4132255297 0.4132263462 
0.4132261537 0.4132256172 0.4132269675 0.4132248511 0.4132278931 0.4132241105 0.4132290803 0.4132235205 0.4132308981 0.4132235432 0.4132343546 0.4132256899 0.4132424003 0.4132348104 0.4132641461 0.4132667532 0.4133292551 0.4133755111 0.4135407563 0.4137579797 0.4142907278 0.4152160052 0.4173114783 0.4217718270 0.4332987396 0.4677831377 0.5756685353 0.7892686980 0.8321438342 0.4536589437 0.0876615429 0.0000000000 0.0723102611 0.1445282019 0.1755685047 0.1852636283 0.1885095550 0.1897746957 0.1903720149 0.1906385766 0.1907922354 0.1908561372 0.1909042732 0.1909184185 0.1909367553 0.1909378716 0.1909465430 0.1909444391 0.1909494590 0.1909468688 0.1909502272 0.1909478894 0.1909503228 0.1909483985 0.1909502177 0.1909487063 0.1909500625 0.1909489267 0.1909499031 0.1909491050 0.1909497506 0.1909492618 0.1909496047 0.1909494081 0.1909494618 0.1909495515 0.1909493163 0.1909496976 0.1909491614 0.1909498509 0.1909489871 0.1909500131 0.1909487750 0.1909501764 0.1909484855 0.1909503042 0.1909480190 0.1909502674 0.1909470999 0.1909496495 0.1909449194 0.1909471160 0.1909389743 0.1909383067 0.1909211081 0.1909083639 0.1908629700 0.1908030835 0.1906566118 0.1904016294 0.1898248696 0.1885957926 0.1854183693 0.1758575891 0.1450527385 0.0730382017 0.0004418590 0.0869712200 0.4515735620 0.8307778730 0.7903756844 0.5771812329 0.4687138582 0.4338091546 0.4220585381 0.4174791824 0.4153152396 0.4143514306 0.4137944915 0.4135638949 0.4133893067 0.4133384282 0.4132719738 0.4132679476 0.4132367148 0.4132440868 0.4132262939 0.4132351923 0.4132236342 0.4132313889 0.4132234094 0.4132294263 0.4132239207 0.4132281771 0.4132246305 0.4132272238 0.4132253835 0.4132263966 
0.4132261886 0.4132255471 0.4132270885 0.4132247000 0.4132281120 0.4132238809 0.4132294250 0.4132232284 0.4132314370 0.4132232568 0.4132352695 0.4132256519 0.4132442173 0.4132358444 0.4132684975 0.4132716586 0.4133415432 0.4133941404 0.4135801625 0.4138272892 0.4144318669 0.4154896561 0.4178877323 0.4230171009 0.4362815093 0.4759314383 0.5999540343 0.8472861846 0.9100167338 0.5222095418 0.1538843407 0.0723102611 0.1515091438 0.2279900071 0.2607843024 0.2710634870 0.2745107424 0.2758523238 0.2764824660 0.2767628577 0.2769234367 0.2769901112 0.2770399983 0.2770546408 0.2770735315 0.2770746566 0.2770835636 0.2770813766 0.2770865295 0.2770838534 0.2770873015 0.2770848928 0.2770873910 0.2770854122 0.2770872787 0.2770857274 0.2770871170 0.2770859539 0.2770869518 0.2770861375 0.2770867941 0.2770862992 0.2770866433 0.2770864503 0.2770864956 0.2770865984 0.2770863453 0.2770867494 0.2770861853 0.2770869079 0.2770860051 0.2770870757 0.2770857860 0.2770872450 0.2770854873 0.2770873779 0.2770850061 0.2770873418 0.2770840583 0.2770867060 0.2770818063 0.2770840860 0.2770756487 0.2770749392 0.2770570681 0.2770437057 0.2769962930 0.2769332781 0.2767792272 0.2765094228 0.2758981100 0.2745897704 0.2712058278 0.2610501289 0.2284665623 0.1521525179 0.0726621640 0.1531505292 0.5200312313 0.9083371790 0.8481854856 0.6014402377 0.4768740446 0.4368006908 0.4233079194 0.4180570697 0.4155895870 0.4144927602 0.4138639028 0.4136032667 0.4134079540 0.4133506641 0.4132768946 0.4132722563 0.4132377693 0.4132458694 0.4132262792 0.4132360778 0.4132233719 0.4132319012 0.4132231415 0.4132297460 0.4132237149 0.4132283719 0.4132245030 0.4132273213 0.4132253366 0.4132264082 
0.4132262005 0.4132255320 0.4132271212 0.4132246709 0.4132281728 0.4132238458 0.4132295328 0.4132232128 0.4132316443 0.4132233404 0.4132357290 0.4132260850 0.4132453914 0.4132374225 0.4132718437 0.4132769792 0.4133518642 0.4134120439 0.4136141770 0.4138897064 0.4145522178 0.4157223187 0.4183559389 0.4239883513 0.4384229623 0.4810839426 0.6134272906 0.8792100368 0.9623942672 0.5843641090 0.2212778246 0.1445282019 0.2279900071 0.3072550763 0.3413881165 0.3522186284 0.3558952812 0.3573378557 0.3580153708 0.3583184496 0.3584905795 0.3585629704 0.3586160030 0.3586321731 0.3586520070 0.3586535401 0.3586627633 0.3586606716 0.3586659482 0.3586632801 0.3586667867 0.3586643641 0.3586668956 0.3586649001 0.3586667879 0.3586652224 0.3586666263 0.3586654526 0.3586664598 0.3586656388 0.3586663004 0.3586658026 0.3586661479 0.3586659556 0.3586659984 0.3586661054 0.3586658462 0.3586662581 0.3586656840 0.3586664183 0.3586655011 0.3586665872 0.3586652778 0.3586667560 0.3586649710 0.3586668832 0.3586644711 0.3586668245 0.3586634733 0.3586661139 0.3586610760 0.3586632538 0.3586544719 0.3586533270 0.3586344491 0.3586194758 0.3585687602 0.3584997926 0.3583337767 0.3580406216 0.3573807932 0.3559695258 0.3523526375 0.3416382728 0.3076989021 0.2285670674 0.1447686707 0.2203823632 0.5819482110 0.9604160501 0.8799288973 0.6148595663 0.4820118971 0.4389356273 0.4242750843 0.4185225096 0.4158204572 0.4146119236 0.4139255894 0.4136367938 0.4134255751 0.4133607851 0.4132821121 0.4132755169 0.4132393143 0.4132470032 0.4132267061 0.4132365150 0.4132234595 0.4132320934 0.4132231337 0.4132298417 0.4132236889 0.4132284219 0.4132244834 0.4132273439 0.4132253312 0.4132264103 
0.4132262043 0.4132255328 0.4132271294 0.4132246742 0.4132281913 0.4132238606 0.4132295774 0.4132232652 0.4132317607 0.4132235077 0.4132360525 0.4132266006 0.4132463325 0.4132390062 0.4132746827 0.4132819162 0.4133607322 0.4134278631 0.4136429840 0.4139424347 0.4146504819 0.4159078768 0.4187136456 0.4246931226 0.4398544012 0.4841131652 0.6201092053 0.8932096851 0.9850770149 0.6117599332 0.2506346918 0.1755685047 0.2607843024 0.3413881165 0.3762748822 0.3874681701 0.3913154814 0.3928401582 0.3935584805 0.3938821912 0.3940650899 0.3941430939 0.3941991873 0.3942169688 0.3942377285 0.3942397379 0.3942492593 0.3942473075 0.3942526880 0.3942500575 0.3942536049 0.3942511889 0.3942537391 0.3942517413 0.3942536393 0.3942520698 0.3942534799 0.3942523026 0.3942533137 0.3942524902 0.3942531540 0.3942526548 0.3942530010 0.3942528084 0.3942528509 0.3942529588 0.3942526980 0.3942531120 0.3942525350 0.3942532724 0.3942523506 0.3942534409 0.3942521246 0.3942536071 0.3942518110 0.3942537254 0.3942512930 0.3942536390 0.3942502440 0.3942528439 0.3942476950 0.3942497237 0.3942406266 0.3942389799 0.3942191325 0.3942024791 0.3941485881 0.3940738228 0.3938967328 0.3935824478 0.3928809892 0.3913862582 0.3875963957 0.3765150426 0.3418134878 0.2613263394 0.1757465138 0.2496360636 0.6091856034 0.9829127986 0.8938080712 0.6214893858 0.4850165984 0.4403530700 0.4249712271 0.4188748081 0.4160026386 0.4147080786 0.4139770116 0.4136647861 0.4134408934 0.4133693387 0.4132868579 0.4132782337 0.4132408254 0.4132478958 0.4132271948 0.4132368185 0.4132236175 0.4132322010 0.4132231835 0.4132298818 0.4132237037 0.4132284377 0.4132244877 0.4132273501 0.4132253335 0.4132264124 
0.4132262067 0.4132255357 0.4132271342 0.4132246812 0.4132282036 0.4132238804 0.4132296116 0.4132233217 0.4132318578 0.4132236709 0.4132363327 0.4132270775 0.4132471542 0.4132404211 0.4132771401 0.4132861980 0.4133682512 0.4134411429 0.4136666321 0.4139848752 0.4147273621 0.4160484743 0.4189734667 0.4251783121 0.4407699664 0.4858566219 0.6234226784 0.8990937266 0.9934628024 0.6210222015 0.2600031618 0.1852636283 0.2710634870 0.3522186284 0.3874681701 0.3988618717 0.4028144477 0.4043941628 0.4051415440 0.4054807011 0.4056719372 0.4057544513 0.4058130384 0.4058321845 0.4058537198 0.4058561531 0.4058659252 0.4058641067 0.4058695719 0.4058669829 0.4058705606 0.4058681565 0.4058707188 0.4058687236 0.4058706270 0.4058690572 0.4058704701 0.4058692920 0.4058703047 0.4058694804 0.4058701451 0.4058696454 0.4058699921 0.4058697992 0.4058698418 0.4058699498 0.4058696886 0.4058701031 0.4058695251 0.4058702633 0.4058693399 0.4058704309 0.4058691116 0.4058705941 0.4058687923 0.4058707035 0.4058682583 0.4058705908 0.4058671630 0.4058697177 0.4058644780 0.4058663634 0.4058569999 0.4058549039 0.4058342400 0.4058161562 0.4057596656 0.4056802201 0.4054945206 0.4051643558 0.4044331527 0.4028823084 0.3989855116 0.3877011496 0.3526327177 0.2715877104 0.1854134262 0.2589587127 0.6183733185 0.9912019090 0.8996169799 0.6247600290 0.4867348495 0.4412527851 0.4254462876 0.4191281756 0.4161391524 0.4147823885 0.4140178418 0.4136874274 0.4134535454 0.4133764659 0.4132908958 0.4132805387 0.4132421455 0.4132486581 0.4132276348 0.4132370754 0.4132237664 0.4132322889 0.4132232344 0.4132299124 0.4132237213 0.4132284485 0.4132244940 0.4132273542 0.4132253362 0.4132264146 
0.4132262088 0.4132255384 0.4132271383 0.4132246879 0.4132282147 0.4132238987 0.4132296423 0.4132233732 0.4132319444 0.4132238169 0.4132365793 0.4132274959 0.4132478660 0.4132416366 0.4132792232 0.4132897827 0.4133744461 0.4134518978 0.4136853906 0.4140177490 0.4147852351 0.4161507704 0.4191548267 0.4255001708 0.4413398526 0.4868572417 0.6251362746 0.9017824140 0.9968542891 0.6244127721 0.2632195497 0.1885095550 0.2745107424 0.3558952812 0.3913154814 0.4028144477 0.4068277531 0.4084417247 0.4092083038 0.4095581812 0.4097554270 0.4098413073 0.4099017989 0.4099220175 0.4099441683 0.4099469489 0.4099569243 0.4099552196 0.4099607537 0.4099582020 0.4099618039 0.4099594119 0.4099619830 0.4099599914 0.4099618983 0.4099603295 0.4099617440 0.4099605658 0.4099615793 0.4099607548 0.4099614200 0.4099609201 0.4099612670 0.4099610740 0.4099611166 0.4099612247 0.4099609633 0.4099613779 0.4099607995 0.4099615378 0.4099606136 0.4099617044 0.4099603834 0.4099618648 0.4099600591 0.4099619660 0.4099595109 0.4099618298 0.4099583754 0.4099608886 0.4099555737 0.4099573351 0.4099477521 0.4099452829 0.4099239627 0.4099047412 0.4098462436 0.4097632708 0.4095713107 0.4092300380 0.4084790480 0.4068930699 0.4029342726 0.3915428706 0.3563014103 0.2750239288 0.1886438972 0.2621515209 0.6217248468 0.9945383723 0.9022563565 0.6264405666 0.4877137042 0.4418081024 0.4257584577 0.4193031764 0.4162373253 0.4148376135 0.4140490271 0.4137051148 0.4134636231 0.4133822338 0.4132942116 0.4132824527 0.4132432547 0.4132493031 0.4132280112 0.4132372957 0.4132238957 0.4132323650 0.4132232794 0.4132299390 0.4132237371 0.4132284579 0.4132244997 0.4132273578 0.4132253387 0.4132264166 
0.4132262108 0.4132255410 0.4132271422 0.4132246940 0.4132282246 0.4132239152 0.4132296697 0.4132234187 0.4132320204 0.4132239440 0.4132367925 0.4132278538 0.4132484687 0.4132426534 0.4132809435 0.4132926998 0.4133794051 0.4134603462 0.4136998127 0.4140424027 0.4148274042 0.4162228401 0.4192776526 0.4257082633 0.4416887755 0.4874322092 0.6260515704 0.9031058776 0.9983881051 0.6258353915 0.2645018071 0.1897746957 0.2758523238 0.3573378557 0.3928401582 0.4043941628 0.4084417247 0.4100763285 0.4108551230 0.4112121476 0.4114135566 0.4115018492 0.4115637423 0.4115847712 0.4116073948 0.4116104486 0.4116205849 0.4116189729 0.4116245625 0.4116220422 0.4116256636 0.4116232822 0.4116258604 0.4116238723 0.4116257819 0.4116242141 0.4116256297 0.4116244518 0.4116254658 0.4116246412 0.4116253067 0.4116248067 0.4116251537 0.4116249608 0.4116250033 0.4116251114 0.4116248500 0.4116252645 0.4116246859 0.4116254241 0.4116244994 0.4116255898 0.4116242676 0.4116257477 0.4116239388 0.4116258416 0.4116233784 0.4116256850 0.4116222086 0.4116246862 0.4116193094 0.4116209680 0.4116112080 0.4116084405 0.4115866083 0.4115665155 0.4115065222 0.4114209923 0.4112246495 0.4108759017 0.4101122167 0.4085049235 0.4045109348 0.3930632786 0.3577382430 0.2763580782 0.1898993637 0.2634198043 0.6231245706 0.9960385409 0.9035469349 0.6273316129 0.4882715625 0.4421450094 0.4259582521 0.4194203802 0.4163056486 0.4148773184 0.4140720765 0.4137185004 0.4134714058 0.4133867670 0.4132968573 0.4132840004 0.4132441620 0.4132498363 0.4132283251 0.4132374809 0.4132240052 0.4132324298 0.4132233178 0.4132299618 0.4132237508 0.4132284661 0.4132245047 0.4132273609 0.4132253409 0.4132264184 
0.4132262125 0.4132255433 0.4132271456 0.4132246994 0.4132282334 0.4132239297 0.4132296936 0.4132234583 0.4132320858 0.4132240526 0.4132369726 0.4132281534 0.4132489672 0.4132434844 0.4132823296 0.4132950144 0.4133832719 0.4134668074 0.4137106024 0.4140603938 0.4148573177 0.4162723439 0.4193589846 0.4258404635 0.4419004004 0.4877636525 0.6265517074 0.9037928441 0.9991523371 0.6265255910 0.2651136452 0.1903720149 0.2764824660 0.3580153708 0.3935584805 0.4051415440 0.4092083038 0.4108551230 0.4116415097 0.4120031709 0.4122073819 0.4122973520 0.4123602465 0.4123818695 0.4124048464 0.4124081088 0.4124183695 0.4124168305 0.4124224641 0.4124199694 0.4124236065 0.4124212340 0.4124238178 0.4124218328 0.4124237445 0.4124221777 0.4124235941 0.4124224165 0.4124234309 0.4124226064 0.4124232720 0.4124227720 0.4124231191 0.4124229261 0.4124229687 0.4124230767 0.4124228152 0.4124232297 0.4124226510 0.4124233890 0.4124224639 0.4124235539 0.4124222308 0.4124237095 0.4124218982 0.4124237972 0.4124213274 0.4124236234 0.4124201287 0.4124225768 0.4124171499 0.4124187258 0.4124088265 0.4124058273 0.4123836063 0.4123628653 0.4123017886 0.4122144586 0.4120151328 0.4116614868 0.4108898403 0.4092698276 0.4052559819 0.3937784537 0.3584116792 0.2769831136 0.1904901971 0.2640224715 0.6238000665 0.9967811666 0.9042119236 0.6278145898 0.4885902989 0.4423473553 0.4260838227 0.4194970814 0.4163519809 0.4149050943 0.4140886450 0.4137283528 0.4134772543 0.4133902359 0.4132989146 0.4132852208 0.4132448865 0.4132502666 0.4132285810 0.4132376332 0.4132240959 0.4132324840 0.4132233501 0.4132299812 0.4132237624 0.4132284731 0.4132245090 0.4132273637 0.4132253428 0.4132264200 
0.4132262140 0.4132255453 0.4132271486 0.4132247042 0.4132282411 0.4132239422 0.4132297141 0.4132234919 0.4132321411 0.4132241434 0.4132371220 0.4132283989 0.4132493711 0.4132441485 0.4132834217 0.4132968090 0.4133862178 0.4134716335 0.4137184876 0.4140732249 0.4148780802 0.4163056802 0.4194119539 0.4259234646 0.4420281232 0.4879555323 0.6268290430 0.9041566730 0.9995362854 0.6268536967 0.2653923750 0.1906385766 0.2767628577 0.3583184496 0.3938821912 0.4054807011 0.4095581812 0.4112121476 0.4120031709 0.4123677758 0.4125738284 0.4126649358 0.4127285277 0.4127505747 0.4127738092 0.4127772267 0.4127875814 0.4127860986 0.4127917663 0.4127892918 0.4127929412 0.4127905760 0.4127931643 0.4127911818 0.4127930953 0.4127915293 0.4127929464 0.4127917691 0.4127927837 0.4127919593 0.4127926250 0.4127921250 0.4127924721 0.4127922792 0.4127923217 0.4127924298 0.4127921682 0.4127925827 0.4127920038 0.4127927417 0.4127918163 0.4127929059 0.4127915819 0.4127930595 0.4127912461 0.4127931419 0.4127906666 0.4127929539 0.4127894444 0.4127918686 0.4127864019 0.4127879129 0.4127779064 0.4127747318 0.4127522227 0.4127310119 0.4126691701 0.4125806039 0.4123792950 0.4120225063 0.4112459522 0.4096184359 0.4055934226 0.3940999206 0.3587119407 0.2772600971 0.1907525995 0.2642955298 0.6241191766 0.9971515890 0.9045613374 0.6280801071 0.4887730824 0.4424682157 0.4261617717 0.4195464216 0.4163827662 0.4149240955 0.4141002781 0.4137354329 0.4134815446 0.4133928278 0.4133004770 0.4132861613 0.4132454521 0.4132506066 0.4132287853 0.4132377560 0.4132241697 0.4132325283 0.4132233768 0.4132299972 0.4132237720 0.4132284790 0.4132245126 0.4132273660 0.4132253445 0.4132264214 
0.4132262153 0.4132255470 0.4132271512 0.4132247083 0.4132282477 0.4132239529 0.4132297315 0.4132235202 0.4132321870 0.4132242181 0.4132372434 0.4132285963 0.4132496917 0.4132446688 0.4132842647 0.4132981722 0.4133884158 0.4134751655 0.4137241359 0.4140822030 0.4148922391 0.4163277868 0.4194460335 0.4259751722 0.4421050488 0.4880671965 0.6269852511 0.9043567901 0.9997471850 0.6270377722 0.2655521337 0.1907922354 0.2769234367 0.3584905795 0.3940650899 0.4056719372 0.4097554270 0.4114135566 0.4122073819 0.4125738284 0.4127810698 0.4128729331 0.4129370008 0.4129593440 0.4129827622 0.4129862925 0.4129967166 0.4129952760 0.4130009696 0.4129985108 0.4130021699 0.4129998103 0.4130024023 0.4130004219 0.4130023366 0.4130007714 0.4130021890 0.4130010119 0.4130020267 0.4130012024 0.4130018682 0.4130013682 0.4130017154 0.4130015224 0.4130015650 0.4130016730 0.4130014114 0.4130018259 0.4130012469 0.4130019847 0.4130010589 0.4130021482 0.4130008236 0.4130023002 0.4130004851 0.4130023782 0.4129998984 0.4130021785 0.4129986574 0.4130010626 0.4129955650 0.4129970261 0.4129869389 0.4129836343 0.4129609163 0.4129393721 0.4128770008 0.4127876022 0.4125849974 0.4122262215 0.4114466728 0.4098147482 0.4057834282 0.3942812501 0.3588821419 0.2774183681 0.1909034254 0.2644514003 0.6242971925 0.9973535865 0.9047519188 0.6282282909 0.4888783915 0.4425402154 0.4262097566 0.4195777585 0.4164028977 0.4149368595 0.4141082870 0.4137404169 0.4134846264 0.4133947237 0.4133016389 0.4132868711 0.4132458847 0.4132508698 0.4132289452 0.4132378530 0.4132242285 0.4132325639 0.4132233984 0.4132300103 0.4132237800 0.4132284838 0.4132245156 0.4132273679 0.4132253459 0.4132264227 
0.4132262164 0.4132255485 0.4132271534 0.4132247118 0.4132282533 0.4132239619 0.4132297459 0.4132235434 0.4132322245 0.4132242784 0.4132373404 0.4132287522 0.4132499418 0.4132450690 0.4132849037 0.4132991886 0.4133900265 0.4134777045 0.4137281136 0.4140883859 0.4149017587 0.4163422725 0.4194677660 0.4260072230 0.4421513667 0.4881325023 0.6270739209 0.9044660999 0.9998551342 0.6271238248 0.2656211262 0.1908561372 0.2769901112 0.3585629704 0.3941430939 0.4057544513 0.4098413073 0.4115018492 0.4122973520 0.4126649358 0.4128729331 0.4129652902 0.4130296762 0.4130522224 0.4130757689 0.4130793797 0.4130898541 0.4130884446 0.4130941575 0.4130917105 0.4130953770 0.4130930219 0.4130956166 0.4130936378 0.4130955536 0.4130939890 0.4130954069 0.4130942302 0.4130952451 0.4130944209 0.4130950867 0.4130945868 0.4130949339 0.4130947409 0.4130947835 0.4130948915 0.4130946299 0.4130950443 0.4130944652 0.4130952029 0.4130942770 0.4130953659 0.4130940408 0.4130955166 0.4130937000 0.4130955910 0.4130931076 0.4130953820 0.4130918516 0.4130942422 0.4130887210 0.4130901447 0.4130799977 0.4130765988 0.4130537322 0.4130319560 0.4129692250 0.4128792753 0.4126758365 0.4123158197 0.4115344603 0.4098999591 0.4058650799 0.3943581787 0.3589532412 0.2774835438 0.1909655727 0.2645180936 0.6243796724 0.9974560717 0.9048550847 0.6283115951 0.4889393340 0.4425830720 0.4262391313 0.4195974742 0.4164158987 0.4149453080 0.4141137107 0.4137438643 0.4134867997 0.4133960847 0.4133024865 0.4132873967 0.4132462093 0.4132510697 0.4132290680 0.4132379282 0.4132242745 0.4132325920 0.4132234155 0.4132300207 0.4132237864 0.4132284878 0.4132245181 0.4132273696 0.4132253471 0.4132264237 
0.4132262174 0.4132255498 0.4132271553 0.4132247147 0.4132282579 0.4132239693 0.4132297577 0.4132235623 0.4132322546 0.4132243263 0.4132374167 0.4132288733 0.4132501336 0.4132453718 0.4132853798 0.4132999343 0.4133911879 0.4134795022 0.4137308747 0.4140925884 0.4149080861 0.4163516776 0.4194815353 0.4260270282 0.4421792771 0.4881709059 0.6271250055 0.9045289457 0.9999202114 0.6271809710 0.2656712002 0.1909042732 0.2770399983 0.3586160030 0.3941991873 0.4058130384 0.4099017989 0.4115637423 0.4123602465 0.4127285277 0.4129370008 0.4130296762 0.4130942725 0.4131169555 0.4131405903 0.4131442574 0.4131547676 0.4131533806 0.4131591077 0.4131566695 0.4131603414 0.4131579897 0.4131605865 0.4131586091 0.4131605257 0.4131589616 0.4131603798 0.4131592032 0.4131602182 0.4131593941 0.4131600599 0.4131595601 0.4131599072 0.4131597143 0.4131597568 0.4131598648 0.4131596032 0.4131600175 0.4131594384 0.4131601760 0.4131592499 0.4131603386 0.4131590130 0.4131604881 0.4131586704 0.4131605596 0.4131580734 0.4131603434 0.4131568059 0.4131591853 0.4131536464 0.4131550423 0.4131448519 0.4131413857 0.4131184151 0.4130964798 0.4130335079 0.4129431978 0.4127392274 0.4123784409 0.4115959897 0.4099599782 0.4059230698 0.3944135401 0.3590054049 0.2775324162 0.1910124750 0.2645664854 0.6244342464 0.9975174226 0.9049138563 0.6283591015 0.4889747772 0.4426085881 0.4262570480 0.4196097914 0.4164242131 0.4149508331 0.4141173337 0.4137462132 0.4134883081 0.4133970456 0.4133030945 0.4132877791 0.4132464488 0.4132512190 0.4132291607 0.4132379857 0.4132243100 0.4132326139 0.4132234290 0.4132300290 0.4132237914 0.4132284909 0.4132245201 0.4132273709 0.4132253480 0.4132264245 
0.4132262182 0.4132255508 0.4132271569 0.4132247171 0.4132282617 0.4132239753 0.4132297672 0.4132235773 0.4132322784 0.4132243639 0.4132374758 0.4132289660 0.4132502785 0.4132455974 0.4132857295 0.4133004734 0.4133920139 0.4134807580 0.4137327680 0.4140954138 0.4149122533 0.4163577403 0.4194902188 0.4260392444 0.4421961198 0.4881935880 0.6271544563 0.9045634918 0.9999519179 0.6272036667 0.2656874786 0.1909184185 0.2770546408 0.3586321731 0.3942169688 0.4058321845 0.4099220175 0.4115847712 0.4123818695 0.4127505747 0.4129593440 0.4130522224 0.4131169555 0.4131397295 0.4131634240 0.4131671300 0.4131776652 0.4131762943 0.4131820316 0.4131795998 0.4131832758 0.4131809266 0.4131835250 0.4131815485 0.4131834657 0.4131819020 0.4131833205 0.4131821440 0.4131831592 0.4131823350 0.4131830009 0.4131825011 0.4131828482 0.4131826553 0.4131826978 0.4131828058 0.4131825442 0.4131829585 0.4131823793 0.4131831168 0.4131821905 0.4131832790 0.4131819531 0.4131834276 0.4131816091 0.4131834969 0.4131810085 0.4131832751 0.4131797322 0.4131821032 0.4131765512 0.4131779270 0.4131677056 0.4131641920 0.4131411497 0.4131191070 0.4130559757 0.4129654327 0.4127611271 0.4123998671 0.4116167615 0.4099798688 0.4059418084 0.3944308310 0.3590210044 0.2775464184 0.1910259025 0.2645818646 0.6244555614 0.9975469517 0.9049458292 0.6283861983 0.4889954698 0.4426237939 0.4262679505 0.4196174465 0.4164294893 0.4149544112 0.4141197259 0.4137477932 0.4134893406 0.4133977142 0.4133035240 0.4132880532 0.4132466226 0.4132513287 0.4132292296 0.4132380288 0.4132243369 0.4132326306 0.4132234393 0.4132300354 0.4132237954 0.4132284934 0.4132245217 0.4132273719 0.4132253488 0.4132264252 
0.4132262188 0.4132255517 0.4132271581 0.4132247191 0.4132282648 0.4132239801 0.4132297748 0.4132235892 0.4132322970 0.4132243929 0.4132375209 0.4132290359 0.4132503864 0.4132457633 0.4132859829 0.4133008583 0.4133925940 0.4134816256 0.4137340529 0.4140972964 0.4149149774 0.4163616271 0.4194956767 0.4260467732 0.4422063017 0.4882070565 0.6271717572 0.9045843824 0.9999740206 0.6272241653 0.2657062629 0.1909367553 0.2770735315 0.3586520070 0.3942377285 0.4058537198 0.4099441683 0.4116073948 0.4124048464 0.4127738092 0.4129827622 0.4130757689 0.4131405903 0.4131634240 0.4131871585 0.4131908909 0.4132014434 0.4132000837 0.4132058283 0.4132034012 0.4132070801 0.4132047328 0.4132073324 0.4132053567 0.4132072743 0.4132057109 0.4132071296 0.4132059532 0.4132069684 0.4132061443 0.4132068102 0.4132063104 0.4132066575 0.4132064646 0.4132065072 0.4132066151 0.4132063535 0.4132067677 0.4132061885 0.4132069259 0.4132059996 0.4132070879 0.4132057616 0.4132072357 0.4132054165 0.4132073033 0.4132048132 0.4132070772 0.4132035302 0.4132058950 0.4132003336 0.4132016949 0.4131914515 0.4131879051 0.4131648139 0.4131426994 0.4130794637 0.4129887712 0.4127842550 0.4124227041 0.4116392052 0.4100017935 0.4059630671 0.3944512613 0.3590404563 0.2775648666 0.1910436938 0.2645998928 0.6244749197 0.9975674543 0.9049649818 0.6284019395 0.4890076092 0.4426328669 0.4262745755 0.4196221854 0.4164328171 0.4149567097 0.4141212905 0.4137488444 0.4134900389 0.4133981734 0.4133038233 0.4132882468 0.4132467470 0.4132514081 0.4132292800 0.4132380607 0.4132243570 0.4132326432 0.4132234472 0.4132300403 0.4132237985 0.4132284953 0.4132245229 0.4132273728 0.4132253494 0.4132264258 
0.4132262194 0.4132255524 0.4132271592 0.4132247207 0.4132282673 0.4132239839 0.4132297808 0.4132235984 0.4132323113 0.4132244150 0.4132375549 0.4132290880 0.4132504658 0.4132458837 0.4132861644 0.4133011298 0.4133929972 0.4134822189 0.4137349173 0.4140985413 0.4149167475 0.4163641080 0.4194990991 0.4260514118 0.4422124694 0.4882150789 0.6271818135 0.9045955736 0.9999830763 0.6272290211 0.2657083656 0.1909378716 0.2770746566 0.3586535401 0.3942397379 0.4058561531 0.4099469489 0.4116104486 0.4124081088 0.4127772267 0.4129862925 0.4130793797 0.4131442574 0.4131671300 0.4131908909 0.4131946411 0.4132052054 0.4132038535 0.4132096031 0.4132071792 0.4132108603 0.4132085144 0.4132111148 0.4132091396 0.4132110577 0.4132094944 0.4132109132 0.4132097370 0.4132107522 0.4132099282 0.4132105941 0.4132100943 0.4132104414 0.4132102485 0.4132102910 0.4132103990 0.4132101373 0.4132105516 0.4132099723 0.4132107097 0.4132097832 0.4132108714 0.4132095449 0.4132110187 0.4132091989 0.4132110849 0.4132085935 0.4132108555 0.4132073056 0.4132096659 0.4132040976 0.4132054487 0.4131951901 0.4131916212 0.4131684970 0.4131463350 0.4130830316 0.4129922441 0.4127875967 0.4124258684 0.4116421347 0.4100044204 0.4059653149 0.3944530531 0.3590417428 0.2775657250 0.1910445309 0.2646016741 0.6244792847 0.9975756751 0.9049751132 0.6284109824 0.4890147495 0.4426382884 0.4262785979 0.4196251106 0.4164349057 0.4149581766 0.4141223053 0.4137495372 0.4134905061 0.4133984852 0.4133040294 0.4132883819 0.4132468348 0.4132514648 0.4132293165 0.4132380839 0.4132243717 0.4132326526 0.4132234531 0.4132300440 0.4132238008 0.4132284968 0.4132245238 0.4132273734 0.4132253499 0.4132264263 
0.4132262198 0.4132255530 0.4132271600 0.4132247220 0.4132282692 0.4132239869 0.4132297854 0.4132236056 0.4132323222 0.4132244317 0.4132375803 0.4132291264 0.4132505236 0.4132459702 0.4132862930 0.4133013196 0.4133932749 0.4134826214 0.4137354944 0.4140993594 0.4149178921 0.4163656865 0.4195012416 0.4260542705 0.4422162130 0.4882198842 0.6271878429 0.9046029059 0.9999914722 0.6272377534 0.2657170065 0.1909465430 0.2770835636 0.3586627633 0.3942492593 0.4058659252 0.4099569243 0.4116205849 0.4124183695 0.4127875814 0.4129967166 0.4130898541 0.4131547676 0.4131776652 0.4132014434 0.4132052054 0.4132157777 0.4132144311 0.4132201842 0.4132177627 0.4132214452 0.4132191003 0.4132217014 0.4132197266 0.4132216448 0.4132200818 0.4132215007 0.4132203245 0.4132213398 0.4132205157 0.4132211817 0.4132206819 0.4132210290 0.4132208361 0.4132208786 0.4132209866 0.4132207249 0.4132211392 0.4132205598 0.4132212972 0.4132203706 0.4132214587 0.4132201321 0.4132216056 0.4132197854 0.4132216707 0.4132191784 0.4132214390 0.4132178869 0.4132202440 0.4132146708 0.4132160147 0.4132057455 0.4132021613 0.4131790152 0.4131568220 0.4130934748 0.4130026270 0.4127978979 0.4124360609 0.4116521857 0.4100142914 0.4059749623 0.3944624293 0.3590507998 0.2775744373 0.1910529505 0.2646099493 0.6244874713 0.9975833499 0.9049816956 0.6284163390 0.4890189705 0.4426415329 0.4262810392 0.4196269121 0.4164362115 0.4149591075 0.4141229591 0.4137499900 0.4134908160 0.4133986948 0.4133041698 0.4132884750 0.4132468962 0.4132515049 0.4132293425 0.4132381007 0.4132243825 0.4132326594 0.4132234575 0.4132300468 0.4132238026 0.4132284979 0.4132245246 0.4132273739 0.4132253503 0.4132264266 
0.4132262201 0.4132255534 0.4132271607 0.4132247230 0.4132282707 0.4132239892 0.4132297889 0.4132236110 0.4132323304 0.4132244441 0.4132375989 0.4132291543 0.4132505652 0.4132460316 0.4132863832 0.4133014509 0.4133934645 0.4134828923 0.4137358774 0.4140998943 0.4149186294 0.4163666881 0.4195025815 0.4260560328 0.4422184900 0.4882227659 0.6271913422 0.9046065072 0.9999935738 0.6272375653 0.2657154269 0.1909444391 0.2770813766 0.3586606716 0.3942473075 0.4058641067 0.4099552196 0.4116189729 0.4124168305 0.4127860986 0.4129952760 0.4130884446 0.4131533806 0.4131762943 0.4132000837 0.4132038535 0.4132144311 0.4132130881 0.4132188436 0.4132164237 0.4132201073 0.4132177630 0.4132203645 0.4132183900 0.4132203085 0.4132187456 0.4132201645 0.4132189884 0.4132200037 0.4132191797 0.4132198456 0.4132193458 0.4132196930 0.4132195001 0.4132195426 0.4132196506 0.4132193888 0.4132198031 0.4132192238 0.4132199611 0.4132190345 0.4132201224 0.4132187957 0.4132202690 0.4132184485 0.4132203333 0.4132178403 0.4132200999 0.4132165462 0.4132189009 0.4132133244 0.4132146633 0.4132043870 0.4132007925 0.4131776318 0.4131554182 0.4130920431 0.4130011574 0.4127963778 0.4124344750 0.4116505157 0.4100125167 0.4059730612 0.3944603826 0.3590486033 0.2775721433 0.1910507509 0.2646082847 0.6244871523 0.9975851645 0.9049848728 0.6284194079 0.4890214674 0.4426434774 0.4262825206 0.4196280197 0.4164370251 0.4149596956 0.4141233777 0.4137502840 0.4134910197 0.4133988345 0.4133042645 0.4132885386 0.4132469385 0.4132515328 0.4132293608 0.4132381126 0.4132243902 0.4132326644 0.4132234606 0.4132300488 0.4132238039 0.4132284987 0.4132245251 0.4132273743 0.4132253506 0.4132264269 
0.4132262204 0.4132255538 0.4132271612 0.4132247237 0.4132282719 0.4132239910 0.4132297916 0.4132236150 0.4132323365 0.4132244532 0.4132376126 0.4132291745 0.4132505948 0.4132460750 0.4132864460 0.4133015412 0.4133935930 0.4134830736 0.4137361302 0.4141002424 0.4149191027 0.4163673225 0.4195034188 0.4260571201 0.4422198777 0.4882245060 0.6271934993 0.9046092583 0.9999972672 0.6272420792 0.2657202891 0.1909494590 0.2770865295 0.3586659482 0.3942526880 0.4058695719 0.4099607537 0.4116245625 0.4124224641 0.4127917663 0.4130009696 0.4130941575 0.4131591077 0.4131820316 0.4132058283 0.4132096031 0.4132201842 0.4132188436 0.4132246008 0.4132221819 0.4132258663 0.4132235225 0.4132261243 0.4132241500 0.4132260686 0.4132245058 0.4132259248 0.4132247487 0.4132257640 0.4132249400 0.4132256060 0.4132251062 0.4132254534 0.4132252604 0.4132253030 0.4132254109 0.4132251492 0.4132255634 0.4132249841 0.4132257213 0.4132247947 0.4132258826 0.4132245557 0.4132260289 0.4132242082 0.4132260927 0.4132235992 0.4132258579 0.4132223032 0.4132246563 0.4132190773 0.4132204128 0.4132101316 0.4132065303 0.4131833600 0.4131611333 0.4130977402 0.4130068306 0.4128020196 0.4124400763 0.4116560659 0.4100180036 0.4059784712 0.3944656998 0.3590538076 0.2775772081 0.1910556444 0.2646129474 0.6244913709 0.9975885032 0.9049872904 0.6284212753 0.4890229536 0.4426446444 0.4262834196 0.4196286997 0.4164375308 0.4149600656 0.4141236444 0.4137504736 0.4134911528 0.4133989267 0.4133043278 0.4132885816 0.4132469674 0.4132515521 0.4132293735 0.4132381210 0.4132243957 0.4132326679 0.4132234629 0.4132300503 0.4132238048 0.4132284993 0.4132245255 0.4132273746 0.4132253509 0.4132264272 
0.4132262206 0.4132255541 0.4132271616 0.4132247243 0.4132282728 0.4132239924 0.4132297936 0.4132236181 0.4132323411 0.4132244599 0.4132376224 0.4132291889 0.4132506158 0.4132461052 0.4132864894 0.4133016028 0.4133936797 0.4134831941 0.4137362962 0.4141004682 0.4149194057 0.4163677236 0.4195039419 0.4260577914 0.4422207251 0.4882255543 0.6271947282 0.9046103386 0.9999972639 0.6272406339 0.2657180181 0.1909468688 0.2770838534 0.3586632801 0.3942500575 0.4058669829 0.4099582020 0.4116220422 0.4124199694 0.4127892918 0.4129985108 0.4130917105 0.4131566695 0.4131795998 0.4132034012 0.4132071792 0.4132177627 0.4132164237 0.4132221819 0.4132197638 0.4132234487 0.4132211052 0.4132237073 0.4132217331 0.4132236518 0.4132220890 0.4132235081 0.4132223320 0.4132233473 0.4132225234 0.4132231893 0.4132226895 0.4132230367 0.4132228438 0.4132228863 0.4132229943 0.4132227325 0.4132231468 0.4132225674 0.4132233046 0.4132223780 0.4132234658 0.4132221389 0.4132236119 0.4132217910 0.4132236753 0.4132211814 0.4132234396 0.4132198841 0.4132222360 0.4132166554 0.4132179886 0.4132077041 0.4132040983 0.4131809217 0.4131586865 0.4130952822 0.4130043576 0.4127995274 0.4124375598 0.4116535192 0.4100154206 0.4059758460 0.3944630285 0.3590510958 0.2775744923 0.1910530339 0.2646106865 0.6244899384 0.9975884354 0.9049882120 0.6284223240 0.4890238359 0.4426453458 0.4262839653 0.4196291168 0.4164378443 0.4149602976 0.4141238136 0.4137505952 0.4134912391 0.4133989873 0.4133043698 0.4132886104 0.4132469870 0.4132515653 0.4132293824 0.4132381268 0.4132243995 0.4132326704 0.4132234646 0.4132300514 0.4132238055 0.4132284998 0.4132245258 0.4132273748 0.4132253510 0.4132264273 
0.4132262208 0.4132255543 0.4132271619 0.4132247248 0.4132282735 0.4132239934 0.4132297952 0.4132236203 0.4132323443 0.4132244647 0.4132376295 0.4132291992 0.4132506305 0.4132461262 0.4132865191 0.4133016446 0.4133937377 0.4134832740 0.4137364048 0.4141006142 0.4149195994 0.4163679769 0.4195042685 0.4260582062 0.4422212435 0.4882261926 0.6271955222 0.9046114737 0.9999991957 0.6272434070 0.2657212071 0.1909502272 0.2770873015 0.3586667867 0.3942536049 0.4058705606 0.4099618039 0.4116256636 0.4124236065 0.4127929412 0.4130021699 0.4130953770 0.4131603414 0.4131832758 0.4132070801 0.4132108603 0.4132214452 0.4132201073 0.4132258663 0.4132234487 0.4132271339 0.4132247906 0.4132273929 0.4132254188 0.4132273376 0.4132257748 0.4132271939 0.4132260178 0.4132270332 0.4132262092 0.4132268752 0.4132263754 0.4132267226 0.4132265296 0.4132265722 0.4132266801 0.4132264184 0.4132268326 0.4132262532 0.4132269904 0.4132260638 0.4132271516 0.4132258246 0.4132272975 0.4132254765 0.4132273606 0.4132248664 0.4132271243 0.4132235682 0.4132259193 0.4132203376 0.4132216692 0.4132113826 0.4132077737 0.4131845931 0.4131623524 0.4130989408 0.4130080069 0.4128031647 0.4124411820 0.4116571228 0.4100190016 0.4059793995 0.3944665484 0.3590545707 0.2775778978 0.1910563201 0.2646137482 0.6244925238 0.9975901672 0.9049891891 0.6284229923 0.4890243648 0.4426457677 0.4262842965 0.4196293724 0.4164380384 0.4149604426 0.4141239205 0.4137506728 0.4134912948 0.4133990267 0.4133043974 0.4132886296 0.4132470001 0.4132515743 0.4132293884 0.4132381309 0.4132244022 0.4132326722 0.4132234657 0.4132300521 0.4132238060 0.4132285001 0.4132245261 0.4132273750 0.4132253512 0.4132264275 
0.4132262209 0.4132255545 0.4132271622 0.4132247251 0.4132282740 0.4132239942 0.4132297963 0.4132236219 0.4132323467 0.4132244682 0.4132376345 0.4132292063 0.4132506408 0.4132461407 0.4132865394 0.4133016727 0.4133937765 0.4134833267 0.4137364757 0.4141007083 0.4149197229 0.4163681368 0.4195044725 0.4260584628 0.4422215612 0.4882265779 0.6271959515 0.9046117168 0.9999986286 0.6272418355 0.2657190839 0.1909478894 0.2770848928 0.3586643641 0.3942511889 0.4058681565 0.4099594119 0.4116232822 0.4124212340 0.4127905760 0.4129998103 0.4130930219 0.4131579897 0.4131809266 0.4132047328 0.4132085144 0.4132191003 0.4132177630 0.4132235225 0.4132211052 0.4132247906 0.4132224475 0.4132250499 0.4132230759 0.4132249947 0.4132234320 0.4132248511 0.4132236750 0.4132246904 0.4132238664 0.4132245324 0.4132240326 0.4132243798 0.4132241868 0.4132242294 0.4132243373 0.4132240756 0.4132244898 0.4132239104 0.4132246476 0.4132237209 0.4132248087 0.4132234816 0.4132249545 0.4132231335 0.4132250174 0.4132225230 0.4132247806 0.4132212241 0.4132235747 0.4132179923 0.4132193228 0.4132090347 0.4132054238 0.4131822406 0.4131599964 0.4130965804 0.4130056407 0.4128007912 0.4124387995 0.4116547296 0.4100165958 0.4059769798 0.3944641151 0.3590521304 0.2775754776 0.1910539925 0.2646116719 0.6244910210 0.9975896249 0.9049893837 0.6284233478 0.4890246789 0.4426460219 0.4262844976 0.4196295289 0.4164381582 0.4149605331 0.4141239877 0.4137507222 0.4134913306 0.4133990523 0.4133044155 0.4132886422 0.4132470089 0.4132515803 0.4132293925 0.4132381336 0.4132244040 0.4132326734 0.4132234665 0.4132300526 0.4132238063 0.4132285003 0.4132245262 0.4132273751 0.4132253513 0.4132264276 
0.4132262210 0.4132255546 0.4132271623 0.4132247254 0.4132282744 0.4132239947 0.4132297971 0.4132236231 0.4132323485 0.4132244707 0.4132376380 0.4132292114 0.4132506478 0.4132461506 0.4132865532 0.4133016916 0.4133938021 0.4134833613 0.4137365217 0.4141007689 0.4149198015 0.4163682376 0.4195046000 0.4260586216 0.4422217561 0.4882268148 0.6271962550 0.9046122508 0.9999998136 0.6272437494 0.2657213707 0.1909503228 0.2770873910 0.3586668956 0.3942537391 0.4058707188 0.4099619830 0.4116258604 0.4124238178 0.4127931643 0.4130024023 0.4130956166 0.4131605865 0.4131835250 0.4132073324 0.4132111148 0.4132217014 0.4132203645 0.4132261243 0.4132237073 0.4132273929 0.4132250499 0.4132276523 0.4132256783 0.4132275972 0.4132260345 0.4132274536 0.4132262775 0.4132272929 0.4132264689 0.4132271349 0.4132266351 0.4132269823 0.4132267894 0.4132268319 0.4132269398 0.4132266781 0.4132270923 0.4132265129 0.4132272501 0.4132263234 0.4132274112 0.4132260841 0.4132275569 0.4132257358 0.4132276196 0.4132251251 0.4132273825 0.4132238258 0.4132261760 0.4132205930 0.4132219229 0.4132116338 0.4132080216 0.4131848367 0.4131625903 0.4130991714 0.4130082280 0.4128033739 0.4124413766 0.4116572998 0.4100191576 0.4059795314 0.3944666533 0.3590546476 0.2775779528 0.1910563774 0.2646138640 0.6244927952 0.9975906764 0.9049898340 0.6284235956 0.4890248688 0.4426461750 0.4262846197 0.4196296247 0.4164382322 0.4149605894 0.4141240300 0.4137507535 0.4134913534 0.4133990688 0.4133044272 0.4132886505 0.4132470147 0.4132515843 0.4132293952 0.4132381355 0.4132244053 0.4132326742 0.4132234671 0.4132300530 0.4132238066 0.4132285005 0.4132245263 0.4132273752 0.4132253514 0.4132264277 
0.4132262211 0.4132255547 0.4132271625 0.4132247256 0.4132282747 0.4132239951 0.4132297977 0.4132236240 0.4132323497 0.4132244724 0.4132376405 0.4132292149 0.4132506527 0.4132461574 0.4132865625 0.4133017043 0.4133938192 0.4134833839 0.4137365516 0.4141008077 0.4149198515 0.4163683011 0.4195046796 0.4260587200 0.4422218760 0.4882269573 0.6271963999 0.9046122280 0.9999991729 0.6272423708 0.2657195981 0.1909483985 0.2770854122 0.3586649001 0.3942517413 0.4058687236 0.4099599914 0.4116238723 0.4124218328 0.4127911818 0.4130004219 0.4130936378 0.4131586091 0.4131815485 0.4132053567 0.4132091396 0.4132197266 0.4132183900 0.4132241500 0.4132217331 0.4132254188 0.4132230759 0.4132256783 0.4132237044 0.4132256233 0.4132240606 0.4132254797 0.4132243037 0.4132253191 0.4132244951 0.4132251611 0.4132246613 0.4132250085 0.4132248155 0.4132248581 0.4132249660 0.4132247043 0.4132251185 0.4132245391 0.4132252763 0.4132243495 0.4132254373 0.4132241102 0.4132255830 0.4132237618 0.4132256456 0.4132231510 0.4132254083 0.4132218513 0.4132242013 0.4132186180 0.4132199473 0.4132096576 0.4132060447 0.4131828586 0.4131606108 0.4130971901 0.4130062445 0.4128013877 0.4124393871 0.4116553065 0.4100171601 0.4059775295 0.3944646483 0.3590526454 0.2775759740 0.1910544751 0.2646121517 0.6244915054 0.9975900952 0.9049898081 0.6284237119 0.4890249812 0.4426462675 0.4262846938 0.4196296832 0.4164382777 0.4149606243 0.4141240564 0.4137507732 0.4134913679 0.4133990794 0.4133044348 0.4132886559 0.4132470185 0.4132515869 0.4132293970 0.4132381367 0.4132244061 0.4132326748 0.4132234674 0.4132300533 0.4132238067 0.4132285006 0.4132245264 0.4132273752 0.4132253514 0.4132264277 
0.4132262211 0.4132255548 0.4132271626 0.4132247257 0.4132282749 0.4132239954 0.4132297981 0.4132236246 0.4132323506 0.4132244737 0.4132376422 0.4132292173 0.4132506561 0.4132461620 0.4132865687 0.4133017127 0.4133938304 0.4134833987 0.4137365709 0.4141008327 0.4149198833 0.4163683412 0.4195047293 0.4260587810 0.4422219497 0.4882270463 0.6271965228 0.9046125198 0.9999999830 0.6272437710 0.2657213013 0.1909502177 0.2770872787 0.3586667879 0.3942536393 0.4058706270 0.4099618983 0.4116257819 0.4124237445 0.4127930953 0.4130023366 0.4130955536 0.4131605257 0.4131834657 0.4132072743 0.4132110577 0.4132216448 0.4132203085 0.4132260686 0.4132236518 0.4132273376 0.4132249947 0.4132275972 0.4132256233 0.4132275422 0.4132259795 0.4132273986 0.4132262226 0.4132272380 0.4132264140 0.4132270800 0.4132265802 0.4132269274 0.4132267344 0.4132267770 0.4132268849 0.4132266231 0.4132270373 0.4132264579 0.4132271951 0.4132262684 0.4132273561 0.4132260290 0.4132275018 0.4132256806 0.4132275643 0.4132250697 0.4132273268 0.4132237698 0.4132261196 0.4132205360 0.4132218651 0.4132115750 0.4132079614 0.4131847747 0.4131625260 0.4130991041 0.4130081571 0.4128032986 0.4124412958 0.4116572126 0.4100190629 0.4059794283 0.3944665410 0.3590545264 0.2775778261 0.1910562566 0.2646137755 0.6244927884 0.9975908014 0.9049900479 0.6284238086 0.4890250499 0.4426463232 0.4262847388 0.4196297190 0.4164383057 0.4149606459 0.4141240728 0.4137507855 0.4134913771 0.4133990861 0.4133044397 0.4132886594 0.4132470210 0.4132515886 0.4132293982 0.4132381376 0.4132244067 0.4132326752 0.4132234677 0.4132300534 0.4132238069 0.4132285007 0.4132245265 0.4132273753 0.4132253514 0.4132264278 
0.4132262211 0.4132255548 0.4132271626 0.4132247258 0.4132282750 0.4132239956 0.4132297984 0.4132236250 0.4132323512 0.4132244745 0.4132376435 0.4132292190 0.4132506584 0.4132461651 0.4132865729 0.4133017182 0.4133938377 0.4134834084 0.4137365833 0.4141008486 0.4149199035 0.4163683664 0.4195047604 0.4260588188 0.4422219952 0.4882270992 0.6271965667 0.9046124265 0.9999994178 0.6272426549 0.2657198982 0.1909487063 0.2770857274 0.3586652224 0.3942520698 0.4058690572 0.4099603295 0.4116242141 0.4124221777 0.4127915293 0.4130007714 0.4130939890 0.4131589616 0.4131819020 0.4132057109 0.4132094944 0.4132200818 0.4132187456 0.4132245058 0.4132220890 0.4132257748 0.4132234320 0.4132260345 0.4132240606 0.4132259795 0.4132244168 0.4132258360 0.4132246599 0.4132256753 0.4132248513 0.4132255173 0.4132250175 0.4132253647 0.4132251717 0.4132252143 0.4132253222 0.4132250605 0.4132254747 0.4132248953 0.4132256325 0.4132247057 0.4132257934 0.4132244663 0.4132259391 0.4132241179 0.4132260015 0.4132235069 0.4132257640 0.4132222068 0.4132245565 0.4132189728 0.4132203016 0.4132100113 0.4132063974 0.4131832102 0.4131609609 0.4130975384 0.4130065905 0.4128017309 0.4124397270 0.4116556424 0.4100174915 0.4059778557 0.3944649686 0.3590529588 0.2775762794 0.1910547714 0.2646124366 0.6244917672 0.9975903086 0.9049899700 0.6284238430 0.4890250901 0.4426463569 0.4262847661 0.4196297408 0.4164383229 0.4149606593 0.4141240831 0.4137507933 0.4134913829 0.4133990904 0.4133044428 0.4132886617 0.4132470226 0.4132515898 0.4132293990 0.4132381381 0.4132244071 0.4132326755 0.4132234679 0.4132300535 0.4132238069 0.4132285008 0.4132245265 0.4132273753 0.4132253515 0.4132264278 
0.4132262212 0.4132255549 0.4132271627 0.4132247259 0.4132282751 0.4132239958 0.4132297986 0.4132236254 0.4132323516 0.4132244752 0.4132376443 0.4132292201 0.4132506599 0.4132461672 0.4132865757 0.4133017219 0.4133938425 0.4134834146 0.4137365914 0.4141008588 0.4149199163 0.4163683822 0.4195047798 0.4260588423 0.4422220233 0.4882271331 0.6271966209 0.9046126075 1.0000000000 0.6272436936 0.2657211686 0.1909500625 0.2770871170 0.3586666263 0.3942534799 0.4058704701 0.4099617440 0.4116256297 0.4124235941 0.4127929464 0.4130021890 0.4130954069 0.4131603798 0.4131833205 0.4132071296 0.4132109132 0.4132215007 0.4132201645 0.4132259248 0.4132235081 0.4132271939 0.4132248511 0.4132274536 0.4132254797 0.4132273986 0.4132258360 0.4132272551 0.4132260790 0.4132270945 0.4132262705 0.4132269365 0.4132264367 0.4132267839 0.4132265909 0.4132266334 0.4132267414 0.4132264796 0.4132268938 0.4132263144 0.4132270516 0.4132261249 0.4132272126 0.4132258854 0.4132273582 0.4132255370 0.4132274206 0.4132249259 0.4132271830 0.4132236258 0.4132259754 0.4132203916 0.4132217203 0.4132114297 0.4132078156 0.4131846282 0.4131623785 0.4130989555 0.4130080071 0.4128031468 0.4124411421 0.4116570565 0.4100189042 0.4059792666 0.3944663763 0.3590543590 0.2775776584 0.1910560953 0.2646136354 0.6244927002 0.9975908007 0.9049901127 0.6284238836 0.4890251152 0.4426463773 0.4262847827 0.4196297541 0.4164383335 0.4149606675 0.4141240895 0.4137507981 0.4134913865 0.4133990931 0.4133044448 0.4132886631 0.4132470236 0.4132515905 0.4132293995 0.4132381385 0.4132244073 0.4132326756 0.4132234680 0.4132300536 0.4132238070 0.4132285008 0.4132245265 0.4132273753 0.4132253515 0.4132264278 
0.4132262212 0.4132255549 0.4132271627 0.4132247260 0.4132282752 0.4132239959 0.4132297988 0.4132236256 0.4132323519 0.4132244756 0.4132376448 0.4132292209 0.4132506609 0.4132461686 0.4132865775 0.4133017243 0.4133938457 0.4134834187 0.4137365966 0.4141008653 0.4149199244 0.4163683922 0.4195047920 0.4260588569 0.4422220406 0.4882271526 0.6271966299 0.9046125099 0.9999995489 0.6272428375 0.2657201072 0.1909489267 0.2770859539 0.3586654526 0.3942523026 0.4058692920 0.4099605658 0.4116244518 0.4124224165 0.4127917691 0.4130010119 0.4130942302 0.4131592032 0.4131821440 0.4132059532 0.4132097370 0.4132203245 0.4132189884 0.4132247487 0.4132223320 0.4132260178 0.4132236750 0.4132262775 0.4132243037 0.4132262226 0.4132246599 0.4132260790 0.4132249030 0.4132259184 0.4132250944 0.4132257604 0.4132252606 0.4132256078 0.4132254148 0.4132254574 0.4132255653 0.4132253036 0.4132257178 0.4132251384 0.4132258756 0.4132249488 0.4132260365 0.4132247094 0.4132261821 0.4132243609 0.4132262445 0.4132237498 0.4132260068 0.4132224496 0.4132247991 0.4132192153 0.4132205439 0.4132102532 0.4132066390 0.4131834513 0.4131612015 0.4130977782 0.4130068294 0.4128019688 0.4124399636 0.4116558776 0.4100177250 0.4059780873 0.3944651979 0.3590531852 0.2775765017 0.1910549867 0.2646126386 0.6244919397 0.9975904258 0.9049900379 0.6284238911 0.4890251295 0.4426463895 0.4262847927 0.4196297622 0.4164383399 0.4149606726 0.4141240934 0.4137508011 0.4134913888 0.4133990948 0.4133044461 0.4132886640 0.4132470242 0.4132515910 0.4132293999 0.4132381387 0.4132244075 0.4132326757 0.4132234681 0.4132300537 0.4132238070 0.4132285008 0.4132245265 0.4132273753 0.4132253515 0.4132264278 
0.4132262212 0.4132255549 0.4132271628 0.4132247260 0.4132282753 0.4132239960 0.4132297989 0.4132236257 0.4132323521 0.4132244759 0.4132376452 0.4132292214 0.4132506616 0.4132461695 0.4132865787 0.4133017259 0.4133938478 0.4134834213 0.4137365999 0.4141008695 0.4149199296 0.4163683985 0.4195047996 0.4260588660 0.4422220513 0.4882271658 0.6271966564 0.9046126302 0.9999999671 0.6272435906 0.2657210256 0.1909499031 0.2770869518 0.3586664598 0.3942533137 0.4058703047 0.4099615793 0.4116254658 0.4124234309 0.4127927837 0.4130020267 0.4130952451 0.4131602182 0.4131831592 0.4132069684 0.4132107522 0.4132213398 0.4132200037 0.4132257640 0.4132233473 0.4132270332 0.4132246904 0.4132272929 0.4132253191 0.4132272380 0.4132256753 0.4132270945 0.4132259184 0.4132269338 0.4132261098 0.4132267758 0.4132262760 0.4132266232 0.4132264303 0.4132264728 0.4132265807 0.4132263190 0.4132267332 0.4132261538 0.4132268910 0.4132259642 0.4132270519 0.4132257248 0.4132271975 0.4132253762 0.4132272599 0.4132247651 0.4132270222 0.4132234649 0.4132258144 0.4132202305 0.4132215591 0.4132112683 0.4132076540 0.4131844662 0.4131622162 0.4130987927 0.4130078438 0.4128029829 0.4124409774 0.4116568909 0.4100187377 0.4059790991 0.3944662079 0.3590541901 0.2775774908 0.1910559335 0.2646134898 0.6244925933 0.9975907608 0.9049901259 0.6284239094 0.4890251388 0.4426463969 0.4262847988 0.4196297671 0.4164383439 0.4149606757 0.4141240958 0.4137508030 0.4134913902 0.4133990958 0.4133044469 0.4132886646 0.4132470247 0.4132515913 0.4132294001 0.4132381388 0.4132244076 0.4132326758 0.4132234681 0.4132300537 0.4132238070 0.4132285008 0.4132245266 0.4132273754 0.4132253515 0.4132264278 
0.4132262212 0.4132255549 0.4132271628 0.4132247260 0.4132282753 0.4132239960 0.4132297990 0.4132236258 0.4132323523 0.4132244760 0.4132376455 0.4132292217 0.4132506621 0.4132461701 0.4132865796 0.4133017270 0.4133938491 0.4134834230 0.4137366020 0.4141008721 0.4149199328 0.4163684024 0.4195048044 0.4260588716 0.4422220580 0.4882271728 0.6271966546 0.9046125501 0.9999996343 0.6272429755 0.2657202736 0.1909491050 0.2770861375 0.3586656388 0.3942524902 0.4058694804 0.4099607548 0.4116246412 0.4124226064 0.4127919593 0.4130012024 0.4130944209 0.4131593941 0.4131823350 0.4132061443 0.4132099282 0.4132205157 0.4132191797 0.4132249400 0.4132225234 0.4132262092 0.4132238664 0.4132264689 0.4132244951 0.4132264140 0.4132248513 0.4132262705 0.4132250944 0.4132261098 0.4132252859 0.4132259519 0.4132254521 0.4132257992 0.4132256063 0.4132256488 0.4132257568 0.4132254950 0.4132259092 0.4132253298 0.4132260670 0.4132251402 0.4132262279 0.4132249008 0.4132263735 0.4132245523 0.4132264359 0.4132239411 0.4132261981 0.4132226409 0.4132249904 0.4132194064 0.4132207349 0.4132104442 0.4132068298 0.4131836419 0.4131613918 0.4130979682 0.4130070192 0.4128021581 0.4124401525 0.4116560659 0.4100179127 0.4059782743 0.3944653839 0.3590533698 0.2775766835 0.1910551627 0.2646128017 0.6244920730 0.9975905052 0.9049900714 0.6284239093 0.4890251438 0.4426464014 0.4262848024 0.4196297701 0.4164383462 0.4149606776 0.4141240973 0.4137508041 0.4134913911 0.4133990965 0.4133044473 0.4132886649 0.4132470249 0.4132515915 0.4132294002 0.4132381389 0.4132244076 0.4132326758 0.4132234681 0.4132300537 0.4132238071 0.4132285008 0.4132245266 0.4132273754 0.4132253515 0.4132264278 
0.4132262212 0.4132255549 0.4132271628 0.4132247261 0.4132282753 0.4132239961 0.4132297990 0.4132236259 0.4132323524 0.4132244762 0.4132376457 0.4132292220 0.4132506624 0.4132461705 0.4132865801 0.4133017277 0.4133938500 0.4134834241 0.4137366034 0.4141008738 0.4149199348 0.4163684049 0.4195048073 0.4260588751 0.4422220620 0.4882271780 0.6271966687 0.9046126298 0.9999999191 0.6272434843 0.2657208866 0.1909497506 0.2770867941 0.3586663004 0.3942531540 0.4058701451 0.4099614200 0.4116253067 0.4124232720 0.4127926250 0.4130018682 0.4130950867 0.4131600599 0.4131830009 0.4132068102 0.4132105941 0.4132211817 0.4132198456 0.4132256060 0.4132231893 0.4132268752 0.4132245324 0.4132271349 0.4132251611 0.4132270800 0.4132255173 0.4132269365 0.4132257604 0.4132267758 0.4132259519 0.4132266178 0.4132261180 0.4132264652 0.4132262723 0.4132263148 0.4132264228 0.4132261610 0.4132265752 0.4132259958 0.4132267330 0.4132258062 0.4132268939 0.4132255668 0.4132270395 0.4132252182 0.4132271019 0.4132246071 0.4132268641 0.4132233068 0.4132256563 0.4132200723 0.4132214008 0.4132111100 0.4132074956 0.4131843077 0.4131620575 0.4130986339 0.4130076847 0.4128028236 0.4124408178 0.4116567311 0.4100185775 0.4059789386 0.3944660472 0.3590540297 0.2775773321 0.1910557801 0.2646133501 0.6244924858 0.9975907102 0.9049901215 0.6284239176 0.4890251471 0.4426464040 0.4262848046 0.4196297719 0.4164383477 0.4149606787 0.4141240981 0.4137508048 0.4134913916 0.4133990969 0.4133044476 0.4132886651 0.4132470251 0.4132515916 0.4132294003 0.4132381390 0.4132244077 0.4132326759 0.4132234682 0.4132300537 0.4132238071 0.4132285008 0.4132245266 0.4132273754 0.4132253515 0.4132264278 
0.4132262212 0.4132255549 0.4132271628 0.4132247261 0.4132282754 0.4132239961 0.4132297991 0.4132236259 0.4132323524 0.4132244763 0.4132376458 0.4132292221 0.4132506626 0.4132461708 0.4132865804 0.4133017281 0.4133938505 0.4134834248 0.4137366042 0.4141008749 0.4149199361 0.4163684064 0.4195048091 0.4260588773 0.4422220645 0.4882271805 0.6271966647 0.9046125735 0.9999997006 0.6272430927 0.2657204186 0.1909492618 0.2770862992 0.3586658026 0.3942526548 0.4058696454 0.4099609201 0.4116248067 0.4124227720 0.4127921250 0.4130013682 0.4130945868 0.4131595601 0.4131825011 0.4132063104 0.4132100943 0.4132206819 0.4132193458 0.4132251062 0.4132226895 0.4132263754 0.4132240326 0.4132266351 0.4132246613 0.4132265802 0.4132250175 0.4132264367 0.4132252606 0.4132262760 0.4132254521 0.4132261180 0.4132256182 0.4132259654 0.4132257725 0.4132258150 0.4132259229 0.4132256612 0.4132260754 0.4132254960 0.4132262332 0.4132253064 0.4132263941 0.4132250670 0.4132265397 0.4132247184 0.4132266020 0.4132241073 0.4132263643 0.4132228070 0.4132251565 0.4132195725 0.4132209010 0.4132106101 0.4132069957 0.4131838077 0.4131615576 0.4130981339 0.4130071847 0.4128023235 0.4124403177 0.4116562309 0.4100180774 0.4059784387 0.3944655478 0.3590535328 0.2775768443 0.1910553183 0.2646129451 0.6244921878 0.9975905686 0.9049900919 0.6284239166 0.4890251488 0.4426464055 0.4262848058 0.4196297729 0.4164383485 0.4149606793 0.4141240986 0.4137508052 0.4134913919 0.4133990971 0.4133044478 0.4132886653 0.4132470252 0.4132515916 0.4132294003 0.4132381390 0.4132244077 0.4132326759 0.4132234682 0.4132300537 0.4132238071 0.4132285008 0.4132245266 0.4132273754 0.4132253515 0.4132264278 
0.4132262212 0.4132255549 0.4132271628 0.4132247261 0.4132282754 0.4132239961 0.4132297991 0.4132236260 0.4132323525 0.4132244763 0.4132376459 0.4132292223 0.4132506628 0.4132461710 0.4132865806 0.4133017284 0.4133938509 0.4134834252 0.4137366047 0.4141008755 0.4149199369 0.4163684074 0.4195048102 0.4260588785 0.4422220660 0.4882271825 0.6271966723 0.9046126210 0.9999998671 0.6272433799 0.2657207530 0.1909496047 0.2770866433 0.3586661479 0.3942530010 0.4058699921 0.4099612670 0.4116251537 0.4124231191 0.4127924721 0.4130017154 0.4130949339 0.4131599072 0.4131828482 0.4132066575 0.4132104414 0.4132210290 0.4132196930 0.4132254534 0.4132230367 0.4132267226 0.4132243798 0.4132269823 0.4132250085 0.4132269274 0.4132253647 0.4132267839 0.4132256078 0.4132266232 0.4132257992 0.4132264652 0.4132259654 0.4132263126 0.4132261197 0.4132261622 0.4132262701 0.4132260084 0.4132264226 0.4132258432 0.4132265804 0.4132256536 0.4132267413 0.4132254141 0.4132268869 0.4132250656 0.4132269492 0.4132244544 0.4132267114 0.4132231541 0.4132255036 0.4132199196 0.4132212481 0.4132109572 0.4132073428 0.4131841548 0.4131619046 0.4130984809 0.4130075317 0.4128026705 0.4124406646 0.4116565777 0.4100184241 0.4059787852 0.3944658938 0.3590538768 0.2775771809 0.1910556339 0.2646132163 0.6244923810 0.9975906570 0.9049901109 0.6284239192 0.4890251497 0.4426464062 0.4262848065 0.4196297734 0.4164383489 0.4149606797 0.4141240989 0.4137508054 0.4134913920 0.4133990972 0.4133044479 0.4132886653 0.4132470252 0.4132515917 0.4132294003 0.4132381390 0.4132244077 0.4132326759 0.4132234682 0.4132300537 0.4132238071 0.4132285008 0.4132245266 0.4132273754 0.4132253515 0.4132264279 
0.4132262212 0.4132255549 0.4132271628 0.4132247261 0.4132282754 0.4132239961 0.4132297991 0.4132236260 0.4132323525 0.4132244764 0.4132376459 0.4132292223 0.4132506629 0.4132461711 0.4132865808 0.4133017286 0.4133938511 0.4134834255 0.4137366051 0.4141008759 0.4149199373 0.4163684079 0.4195048108 0.4260588792 0.4422220668 0.4882271831 0.6271966691 0.9046125902 0.9999997585 0.6272432001 0.2657205535 0.1909494081 0.2770864503 0.3586659556 0.3942528084 0.4058697992 0.4099610740 0.4116249608 0.4124229261 0.4127922792 0.4130015224 0.4130947409 0.4131597143 0.4131826553 0.4132064646 0.4132102485 0.4132208361 0.4132195001 0.4132252604 0.4132228438 0.4132265296 0.4132241868 0.4132267894 0.4132248155 0.4132267344 0.4132251717 0.4132265909 0.4132254148 0.4132264303 0.4132256063 0.4132262723 0.4132257725 0.4132261197 0.4132259267 0.4132259692 0.4132260772 0.4132258154 0.4132262296 0.4132256502 0.4132263874 0.4132254606 0.4132265483 0.4132252212 0.4132266939 0.4132248726 0.4132267563 0.4132242615 0.4132265185 0.4132229612 0.4132253106 0.4132197266 0.4132210551 0.4132107643 0.4132071498 0.4131839618 0.4131617116 0.4130982879 0.4130073387 0.4128024774 0.4124404715 0.4116563847 0.4100182311 0.4059785922 0.3944657011 0.3590536854 0.2775769949 0.1910554640 0.2646130790 0.6244922939 0.9975906251 0.9049901071 0.6284239195 0.4890251501 0.4426464065 0.4262848066 0.4196297735 0.4164383489 0.4149606797 0.4141240989 0.4137508054 0.4134913920 0.4133990972 0.4133044479 0.4132886653 0.4132470252 0.4132515916 0.4132294003 0.4132381390 0.4132244077 0.4132326759 0.4132234682 0.4132300537 0.4132238071 0.4132285008 0.4132245266 0.4132273754 0.4132253515 0.4132264279 
0.4132262212 0.4132255549 0.4132271628 0.4132247261 0.4132282754 0.4132239961 0.4132297991 0.4132236260 0.4132323525 0.4132244764 0.4132376460 0.4132292224 0.4132506629 0.4132461711 0.4132865809 0.4133017286 0.4133938512 0.4134834256 0.4137366052 0.4141008761 0.4149199375 0.4163684081 0.4195048111 0.4260588795 0.4422220671 0.4882271836 0.6271966721 0.9046126087 0.9999998136 0.6272432764 0.2657206217 0.1909494618 0.2770864956 0.3586659984 0.3942528509 0.4058698418 0.4099611166 0.4116250033 0.4124229687 0.4127923217 0.4130015650 0.4130947835 0.4131597568 0.4131826978 0.4132065072 0.4132102910 0.4132208786 0.4132195426 0.4132253030 0.4132228863 0.4132265722 0.4132242294 0.4132268319 0.4132248581 0.4132267770 0.4132252143 0.4132266334 0.4132254574 0.4132264728 0.4132256488 0.4132263148 0.4132258150 0.4132261622 0.4132259692 0.4132260118 0.4132261197 0.4132258580 0.4132262722 0.4132256928 0.4132264299 0.4132255032 0.4132265909 0.4132252637 0.4132267365 0.4132249152 0.4132267988 0.4132243040 0.4132265610 0.4132230037 0.4132253532 0.4132197692 0.4132210976 0.4132108068 0.4132071923 0.4131840044 0.4131617541 0.4130983304 0.4130073811 0.4128025199 0.4124405140 0.4116564271 0.4100182735 0.4059786346 0.3944657434 0.3590537270 0.2775770329 0.1910554907 0.2646130848 0.6244922771 0.9975906026 0.9049900975 0.6284239178 0.4890251497 0.4426464062 0.4262848064 0.4196297733 0.4164383488 0.4149606796 0.4141240988 0.4137508053 0.4134913919 0.4133990971 0.4133044478 0.4132886652 0.4132470251 0.4132515916 0.4132294003 0.4132381390 0.4132244077 0.4132326759 0.4132234681 0.4132300537 0.4132238071 0.4132285008 0.4132245266 0.4132273754 0.4132253515 0.4132264279 
0.4132262212 0.4132255549 0.4132271628 0.4132247261 0.4132282754 0.4132239961 0.4132297991 0.4132236260 0.4132323525 0.4132244764 0.4132376460 0.4132292224 0.4132506629 0.4132461712 0.4132865809 0.4133017287 0.4133938512 0.4134834256 0.4137366052 0.4141008761 0.4149199375 0.4163684081 0.4195048110 0.4260588794 0.4422220669 0.4882271833 0.6271966706 0.9046126037 0.9999998130 0.6272433042 0.2657206852 0.1909495515 0.2770865984 0.3586661054 0.3942529588 0.4058699498 0.4099612247 0.4116251114 0.4124230767 0.4127924298 0.4130016730 0.4130948915 0.4131598648 0.4131828058 0.4132066151 0.4132103990 0.4132209866 0.4132196506 0.4132254109 0.4132229943 0.4132266801 0.4132243373 0.4132269398 0.4132249660 0.4132268849 0.4132253222 0.4132267414 0.4132255653 0.4132265807 0.4132257568 0.4132264228 0.4132259229 0.4132262701 0.4132260772 0.4132261197 0.4132262277 0.4132259659 0.4132263801 0.4132258007 0.4132265379 0.4132256111 0.4132266988 0.4132253717 0.4132268444 0.4132250231 0.4132269067 0.4132244120 0.4132266689 0.4132231116 0.4132254611 0.4132198771 0.4132212056 0.4132109147 0.4132073002 0.4131841123 0.4131618621 0.4130984383 0.4130074891 0.4128026278 0.4124406220 0.4116565351 0.4100183814 0.4059787425 0.3944658512 0.3590538349 0.2775771426 0.1910556069 0.2646132101 0.6244923973 0.9975906786 0.9049901195 0.6284239199 0.4890251491 0.4426464055 0.4262848058 0.4196297727 0.4164383483 0.4149606791 0.4141240984 0.4137508050 0.4134913917 0.4133990969 0.4133044476 0.4132886651 0.4132470250 0.4132515915 0.4132294002 0.4132381389 0.4132244076 0.4132326758 0.4132234681 0.4132300537 0.4132238071 0.4132285008 0.4132245266 0.4132273754 0.4132253515 0.4132264278 
0.4132262212 0.4132255549 0.4132271628 0.4132247261 0.4132282754 0.4132239962 0.4132297991 0.4132236260 0.4132323525 0.4132244764 0.4132376460 0.4132292224 0.4132506629 0.4132461711 0.4132865808 0.4133017286 0.4133938511 0.4134834255 0.4137366051 0.4141008759 0.4149199373 0.4163684078 0.4195048106 0.4260588789 0.4422220663 0.4882271826 0.6271966694 0.9046125937 0.9999997572 0.6272431704 0.2657204879 0.1909493163 0.2770863453 0.3586658462 0.3942526980 0.4058696886 0.4099609633 0.4116248500 0.4124228152 0.4127921682 0.4130014114 0.4130946299 0.4131596032 0.4131825442 0.4132063535 0.4132101373 0.4132207249 0.4132193888 0.4132251492 0.4132227325 0.4132264184 0.4132240756 0.4132266781 0.4132247043 0.4132266231 0.4132250605 0.4132264796 0.4132253036 0.4132263190 0.4132254950 0.4132261610 0.4132256612 0.4132260084 0.4132258154 0.4132258580 0.4132259659 0.4132257042 0.4132261184 0.4132255390 0.4132262761 0.4132253494 0.4132264371 0.4132251099 0.4132265827 0.4132247614 0.4132266450 0.4132241502 0.4132264072 0.4132228499 0.4132251994 0.4132196154 0.4132209438 0.4132106530 0.4132070385 0.4131838506 0.4131616003 0.4130981766 0.4130072274 0.4128023662 0.4124403603 0.4116562735 0.4100181199 0.4059784811 0.3944655902 0.3590535745 0.2775768823 0.1910553448 0.2646129505 0.6244921701 0.9975905449 0.9049900809 0.6284239135 0.4890251472 0.4426464041 0.4262848046 0.4196297717 0.4164383474 0.4149606784 0.4141240978 0.4137508045 0.4134913913 0.4133990966 0.4133044473 0.4132886649 0.4132470249 0.4132515914 0.4132294001 0.4132381389 0.4132244076 0.4132326758 0.4132234681 0.4132300537 0.4132238070 0.4132285008 0.4132245265 0.4132273754 0.4132253515 0.4132264278 
0.4132262212 0.4132255549 0.4132271628 0.4132247261 0.4132282754 0.4132239961 0.4132297991 0.4132236260 0.4132323525 0.4132244764 0.4132376460 0.4132292223 0.4132506629 0.4132461711 0.4132865808 0.4133017285 0.4133938510 0.4134834253 0.4137366048 0.4141008754 0.4149199367 0.4163684071 0.4195048097 0.4260588778 0.4422220650 0.4882271810 0.6271966693 0.9046126144 0.9999998661 0.6272434091 0.2657208191 0.1909496976 0.2770867494 0.3586662581 0.3942531120 0.4058701031 0.4099613779 0.4116252645 0.4124232297 0.4127925827 0.4130018259 0.4130950443 0.4131600175 0.4131829585 0.4132067677 0.4132105516 0.4132211392 0.4132198031 0.4132255634 0.4132231468 0.4132268326 0.4132244898 0.4132270923 0.4132251185 0.4132270373 0.4132254747 0.4132268938 0.4132257178 0.4132267332 0.4132259092 0.4132265752 0.4132260754 0.4132264226 0.4132262296 0.4132262722 0.4132263801 0.4132261184 0.4132265325 0.4132259531 0.4132266903 0.4132257636 0.4132268513 0.4132255241 0.4132269969 0.4132251756 0.4132270592 0.4132245644 0.4132268214 0.4132232641 0.4132256136 0.4132200296 0.4132213580 0.4132110672 0.4132074527 0.4131842648 0.4131620146 0.4130985909 0.4130076417 0.4128027805 0.4124407746 0.4116566878 0.4100185342 0.4059788953 0.3944660039 0.3590539870 0.2775772930 0.1910557524 0.2646133434 0.6244925014 0.9975907305 0.9049901284 0.6284239165 0.4890251448 0.4426464017 0.4262848025 0.4196297699 0.4164383459 0.4149606772 0.4141240968 0.4137508036 0.4134913906 0.4133990960 0.4133044469 0.4132886646 0.4132470246 0.4132515912 0.4132294000 0.4132381387 0.4132244075 0.4132326757 0.4132234680 0.4132300536 0.4132238070 0.4132285008 0.4132245265 0.4132273753 0.4132253515 0.4132264278 
0.4132262212 0.4132255549 0.4132271628 0.4132247261 0.4132282754 0.4132239961 0.4132297991 0.4132236260 0.4132323525 0.4132244764 0.4132376459 0.4132292223 0.4132506628 0.4132461709 0.4132865806 0.4133017282 0.4133938506 0.4134834248 0.4137366042 0.4141008747 0.4149199357 0.4163684058 0.4195048082 0.4260588759 0.4422220626 0.4882271781 0.6271966626 0.9046125735 0.9999996942 0.6272430561 0.2657203452 0.1909491614 0.2770861853 0.3586656840 0.3942525350 0.4058695251 0.4099607995 0.4116246859 0.4124226510 0.4127920038 0.4130012469 0.4130944652 0.4131594384 0.4131823793 0.4132061885 0.4132099723 0.4132205598 0.4132192238 0.4132249841 0.4132225674 0.4132262532 0.4132239104 0.4132265129 0.4132245391 0.4132264579 0.4132248953 0.4132263144 0.4132251384 0.4132261538 0.4132253298 0.4132259958 0.4132254960 0.4132258432 0.4132256502 0.4132256928 0.4132258007 0.4132255390 0.4132259531 0.4132253737 0.4132261109 0.4132251842 0.4132262719 0.4132249447 0.4132264174 0.4132245962 0.4132264798 0.4132239850 0.4132262420 0.4132226847 0.4132250342 0.4132194502 0.4132207787 0.4132104878 0.4132068734 0.4131836855 0.4131614353 0.4130980116 0.4130070625 0.4128022013 0.4124401956 0.4116561089 0.4100179555 0.4059783170 0.3944654264 0.3590534116 0.2775767215 0.1910551890 0.2646128064 0.6244920539 0.9975904791 0.9049900577 0.6284239037 0.4890251399 0.4426463978 0.4262847992 0.4196297671 0.4164383435 0.4149606752 0.4141240952 0.4137508023 0.4134913895 0.4133990952 0.4133044463 0.4132886640 0.4132470242 0.4132515909 0.4132293997 0.4132381386 0.4132244073 0.4132326756 0.4132234680 0.4132300536 0.4132238070 0.4132285008 0.4132245265 0.4132273753 0.4132253515 0.4132264278 
0.4132262212 0.4132255549 0.4132271628 0.4132247261 0.4132282754 0.4132239961 0.4132297991 0.4132236260 0.4132323525 0.4132244763 0.4132376458 0.4132292222 0.4132506626 0.4132461707 0.4132865803 0.4133017278 0.4133938501 0.4134834241 0.4137366032 0.4141008734 0.4149199341 0.4163684037 0.4195048055 0.4260588726 0.4422220586 0.4882271734 0.6271966618 0.9046126192 0.9999999168 0.6272435167 0.2657209589 0.1909498509 0.2770869079 0.3586664183 0.3942532724 0.4058702633 0.4099615378 0.4116254241 0.4124233890 0.4127927417 0.4130019847 0.4130952029 0.4131601760 0.4131831168 0.4132069259 0.4132107097 0.4132212972 0.4132199611 0.4132257213 0.4132233046 0.4132269904 0.4132246476 0.4132272501 0.4132252763 0.4132271951 0.4132256325 0.4132270516 0.4132258756 0.4132268910 0.4132260670 0.4132267330 0.4132262332 0.4132265804 0.4132263874 0.4132264299 0.4132265379 0.4132262761 0.4132266903 0.4132261109 0.4132268481 0.4132259213 0.4132270090 0.4132256819 0.4132271546 0.4132253333 0.4132272170 0.4132247222 0.4132269792 0.4132234219 0.4132257714 0.4132201874 0.4132215159 0.4132112251 0.4132076107 0.4131844228 0.4131621727 0.4130987490 0.4130078000 0.4128029389 0.4124409332 0.4116568466 0.4100186932 0.4059790545 0.3944661632 0.3590541460 0.2775774503 0.1910559045 0.2646134819 0.6244926073 0.9975907784 0.9049901291 0.6284239047 0.4890251330 0.4426463914 0.4262847937 0.4196297625 0.4164383397 0.4149606720 0.4141240926 0.4137508002 0.4134913879 0.4133990939 0.4133044452 0.4132886632 0.4132470236 0.4132515904 0.4132293994 0.4132381383 0.4132244072 0.4132326755 0.4132234679 0.4132300535 0.4132238069 0.4132285007 0.4132245265 0.4132273753 0.4132253515 0.4132264278 
0.4132262212 0.4132255549 0.4132271628 0.4132247261 0.4132282754 0.4132239961 0.4132297991 0.4132236260 0.4132323524 0.4132244762 0.4132376457 0.4132292220 0.4132506624 0.4132461704 0.4132865798 0.4133017272 0.4133938491 0.4134834228 0.4137366015 0.4141008712 0.4149199313 0.4163684002 0.4195048011 0.4260588671 0.4422220519 0.4882271650 0.6271966455 0.9046125409 0.9999996157 0.6272429241 0.2657201836 0.1909489871 0.2770860051 0.3586655011 0.3942523506 0.4058693399 0.4099606136 0.4116244994 0.4124224639 0.4127918163 0.4130010589 0.4130942770 0.4131592499 0.4131821905 0.4132059996 0.4132097832 0.4132203706 0.4132190345 0.4132247947 0.4132223780 0.4132260638 0.4132237209 0.4132263234 0.4132243495 0.4132262684 0.4132247057 0.4132261249 0.4132249488 0.4132259642 0.4132251402 0.4132258062 0.4132253064 0.4132256536 0.4132254606 0.4132255032 0.4132256111 0.4132253494 0.4132257636 0.4132251842 0.4132259213 0.4132249946 0.4132260823 0.4132247551 0.4132262279 0.4132244066 0.4132262902 0.4132237954 0.4132260524 0.4132224951 0.4132248447 0.4132192607 0.4132205892 0.4132102984 0.4132066841 0.4131834963 0.4131612462 0.4130978227 0.4130068738 0.4128020129 0.4124400074 0.4116559211 0.4100177682 0.4059781303 0.3944652405 0.3590532269 0.2775765394 0.1910550124 0.2646126417 0.6244919173 0.9975903944 0.9049900181 0.6284238798 0.4890251203 0.4426463810 0.4262847849 0.4196297551 0.4164383336 0.4149606670 0.4141240885 0.4137507970 0.4134913853 0.4133990919 0.4133044437 0.4132886620 0.4132470227 0.4132515897 0.4132293989 0.4132381379 0.4132244069 0.4132326753 0.4132234677 0.4132300534 0.4132238068 0.4132285007 0.4132245264 0.4132273753 0.4132253515 0.4132264278 
0.4132262212 0.4132255549 0.4132271628 0.4132247261 0.4132282754 0.4132239961 0.4132297990 0.4132236259 0.4132323523 0.4132244761 0.4132376455 0.4132292217 0.4132506620 0.4132461698 0.4132865790 0.4133017261 0.4133938476 0.4134834208 0.4137365989 0.4141008677 0.4149199267 0.4163683943 0.4195047937 0.4260588579 0.4422220406 0.4882271517 0.6271966378 0.9046126069 0.9999999570 0.6272436243 0.2657211051 0.1909500131 0.2770870757 0.3586665872 0.3942534409 0.4058704309 0.4099617044 0.4116255898 0.4124235539 0.4127929059 0.4130021482 0.4130953659 0.4131603386 0.4131832790 0.4132070879 0.4132108714 0.4132214587 0.4132201224 0.4132258826 0.4132234658 0.4132271516 0.4132248087 0.4132274112 0.4132254373 0.4132273561 0.4132257934 0.4132272126 0.4132260365 0.4132270519 0.4132262279 0.4132268939 0.4132263941 0.4132267413 0.4132265483 0.4132265909 0.4132266988 0.4132264371 0.4132268513 0.4132262719 0.4132270090 0.4132260823 0.4132271700 0.4132258428 0.4132273156 0.4132254943 0.4132273779 0.4132248832 0.4132271402 0.4132235829 0.4132259324 0.4132203485 0.4132216771 0.4132113863 0.4132077720 0.4131845843 0.4131623344 0.4130989111 0.4130079623 0.4128031017 0.4124410965 0.4116570105 0.4100188577 0.4059792198 0.3944663291 0.3590543122 0.2775776152 0.1910560636 0.2646136247 0.6244927102 0.9975908115 0.9049901071 0.6284238702 0.4890251013 0.4426463642 0.4262847708 0.4196297433 0.4164383239 0.4149606591 0.4141240822 0.4137507919 0.4134913813 0.4133990888 0.4133044413 0.4132886602 0.4132470213 0.4132515887 0.4132293981 0.4132381373 0.4132244065 0.4132326750 0.4132234675 0.4132300532 0.4132238067 0.4132285006 0.4132245264 0.4132273752 0.4132253514 0.4132264278 
0.4132262212 0.4132255549 0.4132271628 0.4132247260 0.4132282753 0.4132239961 0.4132297990 0.4132236258 0.4132323522 0.4132244759 0.4132376452 0.4132292213 0.4132506613 0.4132461689 0.4132865777 0.4133017243 0.4133938453 0.4134834176 0.4137365945 0.4141008620 0.4149199193 0.4163683848 0.4195047816 0.4260588428 0.4422220219 0.4882271285 0.6271966002 0.9046124750 0.9999995001 0.6272427542 0.2657199847 0.1909487750 0.2770857860 0.3586652778 0.3942521246 0.4058691116 0.4099603834 0.4116242676 0.4124222308 0.4127915819 0.4130008236 0.4130940408 0.4131590130 0.4131819531 0.4132057616 0.4132095449 0.4132201321 0.4132187957 0.4132245557 0.4132221389 0.4132258246 0.4132234816 0.4132260841 0.4132241102 0.4132260290 0.4132244663 0.4132258854 0.4132247094 0.4132257248 0.4132249008 0.4132255668 0.4132250670 0.4132254141 0.4132252212 0.4132252637 0.4132253717 0.4132251099 0.4132255241 0.4132249447 0.4132256819 0.4132247551 0.4132258428 0.4132245157 0.4132259884 0.4132241672 0.4132260508 0.4132235560 0.4132258131 0.4132222558 0.4132246054 0.4132190215 0.4132203501 0.4132100595 0.4132064453 0.4131832578 0.4131610081 0.4130975850 0.4130066366 0.4128017764 0.4124397719 0.4116556866 0.4100175349 0.4059778985 0.3944650106 0.3590529995 0.2775763158 0.1910547950 0.2646124357 0.6244917373 0.9975902650 0.9049899361 0.6284238182 0.4890250685 0.4426463370 0.4262847479 0.4196297244 0.4164383084 0.4149606466 0.4141240722 0.4137507841 0.4134913752 0.4133990840 0.4133044376 0.4132886575 0.4132470192 0.4132515872 0.4132293970 0.4132381365 0.4132244059 0.4132326745 0.4132234672 0.4132300530 0.4132238066 0.4132285005 0.4132245263 0.4132273752 0.4132253514 0.4132264278 
0.4132262211 0.4132255549 0.4132271628 0.4132247260 0.4132282753 0.4132239960 0.4132297989 0.4132236257 0.4132323520 0.4132244756 0.4132376448 0.4132292206 0.4132506604 0.4132461675 0.4132865757 0.4133017215 0.4133938414 0.4134834124 0.4137365875 0.4141008527 0.4149199071 0.4163683691 0.4195047616 0.4260588176 0.4422219908 0.4882270911 0.6271965672 0.9046125448 0.9999999592 0.6272437146 0.2657212476 0.1909501764 0.2770872450 0.3586667560 0.3942536071 0.4058705941 0.4099618648 0.4116257477 0.4124237095 0.4127930595 0.4130023002 0.4130955166 0.4131604881 0.4131834276 0.4132072357 0.4132110187 0.4132216056 0.4132202690 0.4132260289 0.4132236119 0.4132272975 0.4132249545 0.4132275569 0.4132255830 0.4132275018 0.4132259391 0.4132273582 0.4132261821 0.4132271975 0.4132263735 0.4132270395 0.4132265397 0.4132268869 0.4132266939 0.4132267365 0.4132268444 0.4132265827 0.4132269969 0.4132264174 0.4132271546 0.4132262279 0.4132273156 0.4132259884 0.4132274612 0.4132256399 0.4132275236 0.4132250288 0.4132272859 0.4132237287 0.4132260783 0.4132204945 0.4132218232 0.4132115327 0.4132079188 0.4131847315 0.4131624821 0.4130990595 0.4130081116 0.4128032521 0.4124412484 0.4116571640 0.4100190133 0.4059793776 0.3944664894 0.3590544746 0.2775777776 0.1910562195 0.2646137583 0.6244927884 0.9975907955 0.9049900214 0.6284237747 0.4890250170 0.4426462927 0.4262847110 0.4196296941 0.4164382838 0.4149606269 0.4141240566 0.4137507718 0.4134913657 0.4133990767 0.4133044322 0.4132886533 0.4132470162 0.4132515849 0.4132293953 0.4132381353 0.4132244050 0.4132326739 0.4132234667 0.4132300527 0.4132238064 0.4132285003 0.4132245262 0.4132273751 0.4132253514 0.4132264277 
0.4132262211 0.4132255548 0.4132271627 0.4132247260 0.4132282752 0.4132239959 0.4132297987 0.4132236254 0.4132323517 0.4132244751 0.4132376440 0.4132292195 0.4132506588 0.4132461653 0.4132865726 0.4133017172 0.4133938354 0.4134834041 0.4137365763 0.4141008377 0.4149198874 0.4163683434 0.4195047287 0.4260587761 0.4422219391 0.4882270269 0.6271964762 0.9046123180 0.9999992905 0.6272424982 0.2657197067 0.1909484855 0.2770854873 0.3586649710 0.3942518110 0.4058687923 0.4099600591 0.4116239388 0.4124218982 0.4127912461 0.4130004851 0.4130937000 0.4131586704 0.4131816091 0.4132054165 0.4132091989 0.4132197854 0.4132184485 0.4132242082 0.4132217910 0.4132254765 0.4132231335 0.4132257358 0.4132237618 0.4132256806 0.4132241179 0.4132255370 0.4132243609 0.4132253762 0.4132245523 0.4132252182 0.4132247184 0.4132250656 0.4132248726 0.4132249152 0.4132250231 0.4132247614 0.4132251756 0.4132245962 0.4132253333 0.4132244066 0.4132254943 0.4132241672 0.4132256399 0.4132238187 0.4132257023 0.4132232076 0.4132254647 0.4132219076 0.4132242573 0.4132186736 0.4132200025 0.4132097122 0.4132060986 0.4131829117 0.4131606629 0.4130972410 0.4130062941 0.4128014359 0.4124394337 0.4116553513 0.4100172031 0.4059775708 0.3944646879 0.3590526828 0.2775760063 0.1910544930 0.2646121416 0.6244914584 0.9975900236 0.9049897410 0.6284236555 0.4890249304 0.4426462209 0.4262846515 0.4196296455 0.4164382446 0.4149605957 0.4141240321 0.4137507528 0.4134913511 0.4133990657 0.4133044238 0.4132886472 0.4132470116 0.4132515816 0.4132293929 0.4132381336 0.4132244038 0.4132326730 0.4132234661 0.4132300523 0.4132238060 0.4132285001 0.4132245261 0.4132273750 0.4132253513 0.4132264277 
0.4132262211 0.4132255548 0.4132271627 0.4132247259 0.4132282751 0.4132239958 0.4132297985 0.4132236251 0.4132323512 0.4132244744 0.4132376429 0.4132292179 0.4132506565 0.4132461619 0.4132865678 0.4133017104 0.4133938259 0.4134833909 0.4137365584 0.4141008136 0.4149198554 0.4163683015 0.4195046746 0.4260587074 0.4422218531 0.4882269217 0.6271963655 0.9046123381 0.9999998385 0.6272437281 0.2657213436 0.1909503042 0.2770873779 0.3586668832 0.3942537254 0.4058707035 0.4099619660 0.4116258416 0.4124237972 0.4127931419 0.4130023782 0.4130955910 0.4131605596 0.4131834969 0.4132073033 0.4132110849 0.4132216707 0.4132203333 0.4132260927 0.4132236753 0.4132273606 0.4132250174 0.4132276196 0.4132256456 0.4132275643 0.4132260015 0.4132274206 0.4132262445 0.4132272599 0.4132264359 0.4132271019 0.4132266020 0.4132269492 0.4132267563 0.4132267988 0.4132269067 0.4132266450 0.4132270592 0.4132264798 0.4132272170 0.4132262902 0.4132273779 0.4132260508 0.4132275236 0.4132257023 0.4132275860 0.4132250914 0.4132273485 0.4132237915 0.4132261413 0.4132205578 0.4132218869 0.4132115970 0.4132079839 0.4131847977 0.4131625498 0.4130991291 0.4130081837 0.4128033274 0.4124413276 0.4116572480 0.4100191031 0.4059794741 0.3944665935 0.3590545863 0.2775778938 0.1910563288 0.2646138321 0.6244927710 0.9975906296 0.9049897574 0.6284235133 0.4890247914 0.4426461039 0.4262845554 0.4196295675 0.4164381823 0.4149605466 0.4141239938 0.4137507234 0.4134913288 0.4133990489 0.4133044113 0.4132886380 0.4132470049 0.4132515767 0.4132293894 0.4132381311 0.4132244020 0.4132326718 0.4132234653 0.4132300517 0.4132238056 0.4132284998 0.4132245259 0.4132273749 0.4132253512 0.4132264276 
0.4132262210 0.4132255547 0.4132271626 0.4132247258 0.4132282750 0.4132239955 0.4132297982 0.4132236246 0.4132323505 0.4132244733 0.4132376413 0.4132292155 0.4132506529 0.4132461568 0.4132865604 0.4133016997 0.4133938109 0.4134833701 0.4137365298 0.4141007749 0.4149198036 0.4163682332 0.4195045859 0.4260585939 0.4422217101 0.4882267435 0.6271961305 0.9046119061 0.9999988294 0.6272420278 0.2657192433 0.1909480190 0.2770850061 0.3586644711 0.3942512930 0.4058682583 0.4099595109 0.4116233784 0.4124213274 0.4127906666 0.4129998984 0.4130931076 0.4131580734 0.4131810085 0.4132048132 0.4132085935 0.4132191784 0.4132178403 0.4132235992 0.4132211814 0.4132248664 0.4132225230 0.4132251251 0.4132231510 0.4132250697 0.4132235069 0.4132249259 0.4132237498 0.4132247651 0.4132239411 0.4132246071 0.4132241073 0.4132244544 0.4132242615 0.4132243040 0.4132244120 0.4132241502 0.4132245644 0.4132239850 0.4132247222 0.4132237954 0.4132248832 0.4132235560 0.4132250288 0.4132232076 0.4132250914 0.4132225968 0.4132248540 0.4132212971 0.4132236471 0.4132180639 0.4132193935 0.4132091041 0.4132054918 0.4131823067 0.4131600602 0.4130966415 0.4130056987 0.4128008457 0.4124388501 0.4116547759 0.4100166376 0.4059770171 0.3944641481 0.3590521590 0.2775754990 0.1910539966 0.2646116403 0.6244909346 0.9975894873 0.9049892382 0.6284232171 0.4890245601 0.4426459135 0.4262844000 0.4196294427 0.4164380833 0.4149604692 0.4141239342 0.4137506780 0.4134912946 0.4133990234 0.4133043926 0.4132886243 0.4132469950 0.4132515696 0.4132293844 0.4132381276 0.4132243995 0.4132326701 0.4132234641 0.4132300509 0.4132238051 0.4132284995 0.4132245256 0.4132273747 0.4132253511 0.4132264275 
0.4132262209 0.4132255546 0.4132271625 0.4132247257 0.4132282748 0.4132239952 0.4132297978 0.4132236239 0.4132323494 0.4132244717 0.4132376389 0.4132292119 0.4132506476 0.4132461489 0.4132865489 0.4133016833 0.4133937876 0.4134833375 0.4137364845 0.4141007129 0.4149197200 0.4163681221 0.4195044403 0.4260584063 0.4422214720 0.4882264476 0.6271957915 0.9046117127 0.9999993421 0.6272434758 0.2657212498 0.1909502674 0.2770873418 0.3586668245 0.3942536390 0.4058705908 0.4099618298 0.4116256850 0.4124236234 0.4127929539 0.4130021785 0.4130953820 0.4131603434 0.4131832751 0.4132070772 0.4132108555 0.4132214390 0.4132200999 0.4132258579 0.4132234396 0.4132271243 0.4132247806 0.4132273825 0.4132254083 0.4132273268 0.4132257640 0.4132271830 0.4132260068 0.4132270222 0.4132261981 0.4132268641 0.4132263643 0.4132267114 0.4132265185 0.4132265610 0.4132266689 0.4132264072 0.4132268214 0.4132262420 0.4132269792 0.4132260524 0.4132271402 0.4132258131 0.4132272859 0.4132254647 0.4132273485 0.4132248540 0.4132271114 0.4132235547 0.4132259050 0.4132203222 0.4132216524 0.4132113640 0.4132077528 0.4131845694 0.4131623254 0.4130989098 0.4130079711 0.4128031234 0.4124411346 0.4116570688 0.4100189405 0.4059793312 0.3944664734 0.3590544906 0.2775778174 0.1910562468 0.2646136828 0.6244924417 0.9975900222 0.9049889932 0.6284227962 0.4890241834 0.4426456026 0.4262841486 0.4196292424 0.4164379262 0.4149603476 0.4141238413 0.4137506079 0.4134912424 0.4133989850 0.4133043646 0.4132886041 0.4132469806 0.4132515594 0.4132293772 0.4132381225 0.4132243960 0.4132326677 0.4132234624 0.4132300497 0.4132238043 0.4132284989 0.4132245253 0.4132273745 0.4132253509 0.4132264274 
0.4132262208 0.4132255545 0.4132271623 0.4132247255 0.4132282745 0.4132239948 0.4132297971 0.4132236229 0.4132323478 0.4132244693 0.4132376353 0.4132292065 0.4132506395 0.4132461370 0.4132865315 0.4133016581 0.4133937515 0.4134832863 0.4137364129 0.4141006141 0.4149195854 0.4163679415 0.4195042019 0.4260580963 0.4422210758 0.4882259482 0.6271951539 0.9046107670 0.9999976634 0.6272409801 0.2657182985 0.1909470999 0.2770840583 0.3586634733 0.3942502440 0.4058671630 0.4099583754 0.4116222086 0.4124201287 0.4127894444 0.4129986574 0.4130918516 0.4131568059 0.4131797322 0.4132035302 0.4132073056 0.4132178869 0.4132165462 0.4132223032 0.4132198841 0.4132235682 0.4132212241 0.4132238258 0.4132218513 0.4132237698 0.4132222068 0.4132236258 0.4132224496 0.4132234649 0.4132226409 0.4132233068 0.4132228070 0.4132231541 0.4132229612 0.4132230037 0.4132231116 0.4132228499 0.4132232641 0.4132226847 0.4132234219 0.4132224951 0.4132235829 0.4132222558 0.4132237287 0.4132219076 0.4132237915 0.4132212971 0.4132235547 0.4132199982 0.4132223490 0.4132167669 0.4132180981 0.4132078110 0.4132042018 0.4131810212 0.4131587809 0.4130953704 0.4130044386 0.4127995999 0.4124376227 0.4116535717 0.4100154618 0.4059758757 0.3944630471 0.3590511039 0.2775744882 0.1910530055 0.2646106047 0.6244897601 0.9975881425 0.9049878814 0.6284220184 0.4890235585 0.4426450946 0.4262837414 0.4196289212 0.4164376766 0.4149601566 0.4141236970 0.4137505004 0.4134911632 0.4133989274 0.4133043230 0.4132885744 0.4132469596 0.4132515447 0.4132293670 0.4132381155 0.4132243912 0.4132326644 0.4132234602 0.4132300482 0.4132238033 0.4132284983 0.4132245248 0.4132273741 0.4132253507 0.4132264272 
0.4132262206 0.4132255543 0.4132271622 0.4132247252 0.4132282741 0.4132239942 0.4132297962 0.4132236215 0.4132323456 0.4132244659 0.4132376301 0.4132291986 0.4132506276 0.4132461192 0.4132865052 0.4133016197 0.4133936959 0.4134832067 0.4137363004 0.4141004572 0.4149193695 0.4163676490 0.4195038115 0.4260575842 0.4422204152 0.4882251129 0.6271941506 0.9046098662 0.9999977138 0.6272423755 0.2657205096 0.1909496495 0.2770867060 0.3586661139 0.3942528439 0.4058697177 0.4099608886 0.4116246862 0.4124225768 0.4127918686 0.4130010626 0.4130942422 0.4131591853 0.4131821032 0.4132058950 0.4132096659 0.4132202440 0.4132189009 0.4132246563 0.4132222360 0.4132259193 0.4132235747 0.4132261760 0.4132242013 0.4132261196 0.4132245565 0.4132259754 0.4132247991 0.4132258144 0.4132249904 0.4132256563 0.4132251565 0.4132255036 0.4132253106 0.4132253532 0.4132254611 0.4132251994 0.4132256136 0.4132250342 0.4132257714 0.4132248447 0.4132259324 0.4132246054 0.4132260783 0.4132242573 0.4132261413 0.4132236471 0.4132259050 0.4132223490 0.4132247005 0.4132191194 0.4132204520 0.4132101670 0.4132065609 0.4131833845 0.4131611502 0.4130977479 0.4130068272 0.4128020032 0.4124400450 0.4116560181 0.4100179380 0.4059783872 0.3944655980 0.3590536910 0.2775770836 0.1910555181 0.2646128055 0.6244911511 0.9975881228 0.9049868115 0.6284208118 0.4890225304 0.4426442628 0.4262830815 0.4196284061 0.4164372810 0.4149598571 0.4141234735 0.4137503358 0.4134910434 0.4133988411 0.4133042617 0.4132885311 0.4132469293 0.4132515237 0.4132293525 0.4132381056 0.4132243844 0.4132326598 0.4132234571 0.4132300462 0.4132238019 0.4132284973 0.4132245242 0.4132273737 0.4132253504 0.4132264270 
0.4132262204 0.4132255541 0.4132271619 0.4132247249 0.4132282736 0.4132239934 0.4132297949 0.4132236195 0.4132323424 0.4132244610 0.4132376225 0.4132291870 0.4132506100 0.4132460928 0.4132864659 0.4133015615 0.4133936108 0.4134830836 0.4137361245 0.4141002089 0.4149190241 0.4163671756 0.4195031732 0.4260567378 0.4422193130 0.4882237023 0.6271923612 0.9046075145 0.9999944546 0.6272382852 0.2657160024 0.1909449194 0.2770818063 0.3586610760 0.3942476950 0.4058644780 0.4099555737 0.4116193094 0.4124171499 0.4127864019 0.4129955650 0.4130887210 0.4131536464 0.4131765512 0.4132003336 0.4132040976 0.4132146708 0.4132133244 0.4132190773 0.4132166554 0.4132203376 0.4132179923 0.4132205930 0.4132186180 0.4132205360 0.4132189728 0.4132203916 0.4132192153 0.4132202305 0.4132194064 0.4132200723 0.4132195725 0.4132199196 0.4132197266 0.4132197692 0.4132198771 0.4132196154 0.4132200296 0.4132194502 0.4132201874 0.4132192607 0.4132203485 0.4132190215 0.4132204945 0.4132186736 0.4132205578 0.4132180639 0.4132203222 0.4132167669 0.4132191194 0.4132135397 0.4132148746 0.4132045929 0.4132009914 0.4131778218 0.4131555970 0.4130922080 0.4130013054 0.4127965057 0.4124345797 0.4116505944 0.4100125671 0.4059730822 0.3944603744 0.3590485686 0.2775720833 0.1910506497 0.2646080889 0.6244867597 0.9975845040 0.9049841048 0.6284186930 0.4890208219 0.4426428987 0.4262820110 0.4196275804 0.4164366543 0.4149593887 0.4141231283 0.4137500848 0.4134908631 0.4133987130 0.4133041715 0.4132884683 0.4132468859 0.4132514939 0.4132293322 0.4132380918 0.4132243752 0.4132326536 0.4132234530 0.4132300434 0.4132238001 0.4132284961 0.4132245234 0.4132273732 0.4132253500 0.4132264268 
0.4132262201 0.4132255538 0.4132271616 0.4132247244 0.4132282728 0.4132239923 0.4132297931 0.4132236166 0.4132323380 0.4132244540 0.4132376117 0.4132291703 0.4132505845 0.4132460540 0.4132864074 0.4133014741 0.4133934815 0.4134828944 0.4137358507 0.4140998179 0.4149184735 0.4163664117 0.4195021306 0.4260553395 0.4422174716 0.4882213268 0.6271894142 0.9046044124 0.9999926600 0.6272386204 0.2657176779 0.1909471160 0.2770840860 0.3586632538 0.3942497237 0.4058663634 0.4099573351 0.4116209680 0.4124187258 0.4127879129 0.4129970261 0.4130901447 0.4131550423 0.4131779270 0.4132016949 0.4132054487 0.4132160147 0.4132146633 0.4132204128 0.4132179886 0.4132216692 0.4132193228 0.4132219229 0.4132199473 0.4132218651 0.4132203016 0.4132217203 0.4132205439 0.4132215591 0.4132207349 0.4132214008 0.4132209010 0.4132212481 0.4132210551 0.4132210976 0.4132212056 0.4132209438 0.4132213580 0.4132207787 0.4132215159 0.4132205892 0.4132216771 0.4132203501 0.4132218232 0.4132200025 0.4132218869 0.4132193935 0.4132216524 0.4132180981 0.4132204520 0.4132148746 0.4132162127 0.4132059360 0.4132023417 0.4131791826 0.4131569727 0.4130936048 0.4130027314 0.4127979717 0.4124360988 0.4116521827 0.4100142434 0.4059748670 0.3944622870 0.3590506166 0.2775742254 0.1910527125 0.2646096356 0.6244869279 0.9975824083 0.9049805467 0.6284152503 0.4890179882 0.4426406570 0.4262802732 0.4196262569 0.4164356631 0.4149586578 0.4141225972 0.4137497037 0.4134905931 0.4133985237 0.4133040401 0.4132883779 0.4132468242 0.4132514521 0.4132293041 0.4132380730 0.4132243627 0.4132326453 0.4132234475 0.4132300398 0.4132237977 0.4132284946 0.4132245224 0.4132273725 0.4132253496 0.4132264264 
0.4132262197 0.4132255535 0.4132271611 0.4132247237 0.4132282719 0.4132239907 0.4132297906 0.4132236127 0.4132323318 0.4132244443 0.4132375965 0.4132291466 0.4132505478 0.4132459976 0.4132863214 0.4133013441 0.4133932868 0.4134826058 0.4137354277 0.4140992056 0.4149175993 0.4163651823 0.4195004301 0.4260530289 0.4422143915 0.4882173015 0.6271842611 0.9045979891 0.9999851348 0.6272306624 0.2657096749 0.1909389743 0.2770756487 0.3586544719 0.3942406266 0.4058569999 0.4099477521 0.4116112080 0.4124088265 0.4127779064 0.4129869389 0.4130799977 0.4131448519 0.4131677056 0.4131914515 0.4131951901 0.4132057455 0.4132043870 0.4132101316 0.4132077041 0.4132113826 0.4132090347 0.4132116338 0.4132096576 0.4132115750 0.4132100113 0.4132114297 0.4132102532 0.4132112683 0.4132104442 0.4132111100 0.4132106101 0.4132109572 0.4132107643 0.4132108068 0.4132109147 0.4132106530 0.4132110672 0.4132104878 0.4132112251 0.4132102984 0.4132113863 0.4132100595 0.4132115327 0.4132097122 0.4132115970 0.4132091041 0.4132113640 0.4132078110 0.4132101670 0.4132045929 0.4132059360 0.4131956666 0.4131920834 0.4131689404 0.4131467541 0.4130834198 0.4129925938 0.4127878997 0.4124261158 0.4116423180 0.4100045323 0.4059653506 0.3944530122 0.3590416320 0.2775655534 0.1910442757 0.2646012240 0.6244783936 0.9975741443 0.9049733136 0.6284093130 0.4890132563 0.4426369658 0.4262774499 0.4196241371 0.4164340986 0.4149575213 0.4141217833 0.4137491286 0.4134901913 0.4133982460 0.4133038500 0.4132882489 0.4132467373 0.4132513939 0.4132292654 0.4132380474 0.4132243458 0.4132326343 0.4132234403 0.4132300351 0.4132237947 0.4132284926 0.4132245211 0.4132273717 0.4132253490 0.4132264260 
0.4132262193 0.4132255530 0.4132271605 0.4132247229 0.4132282705 0.4132239886 0.4132297873 0.4132236074 0.4132323233 0.4132244308 0.4132375752 0.4132291132 0.4132504956 0.4132459165 0.4132861963 0.4133011527 0.4133929962 0.4134821691 0.4137347786 0.4140982523 0.4149162178 0.4163632105 0.4194976617 0.4260492122 0.4422092317 0.4882104767 0.6271755455 0.9045880854 0.9999770443 0.6272264689 0.2657080829 0.1909383067 0.2770749392 0.3586533270 0.3942389799 0.4058549039 0.4099452829 0.4116084405 0.4124058273 0.4127747318 0.4129836343 0.4130765988 0.4131413857 0.4131641920 0.4131879051 0.4131916212 0.4132021613 0.4132007925 0.4132065303 0.4132040983 0.4132077737 0.4132054238 0.4132080216 0.4132060447 0.4132079614 0.4132063974 0.4132078156 0.4132066390 0.4132076540 0.4132068298 0.4132074956 0.4132069957 0.4132073428 0.4132071498 0.4132071923 0.4132073002 0.4132070385 0.4132074527 0.4132068734 0.4132076107 0.4132066841 0.4132077720 0.4132064453 0.4132079188 0.4132060986 0.4132079839 0.4132054918 0.4132077528 0.4132042018 0.4132065609 0.4132009914 0.4132023417 0.4131920834 0.4131885167 0.4131653985 0.4131432487 0.4130799675 0.4129892175 0.4127846303 0.4124229938 0.4116393947 0.4100018698 0.4059630209 0.3944510906 0.3590401730 0.2775644966 0.1910432320 0.2645992027 0.6244736228 0.9975651802 0.9049622531 0.6283993974 0.4890053450 0.4426308752 0.4262728614 0.4196207456 0.4164316356 0.4149557607 0.4141205430 0.4137482657 0.4134895980 0.4133978421 0.4133035775 0.4132880664 0.4132466160 0.4132513138 0.4132292127 0.4132380130 0.4132243234 0.4132326197 0.4132234309 0.4132300291 0.4132237908 0.4132284901 0.4132245195 0.4132273706 0.4132253483 0.4132264255 
0.4132262187 0.4132255524 0.4132271598 0.4132247218 0.4132282688 0.4132239859 0.4132297829 0.4132236003 0.4132323119 0.4132244125 0.4132375460 0.4132290667 0.4132504222 0.4132458012 0.4132860163 0.4133008736 0.4133925670 0.4134815146 0.4137337908 0.4140967784 0.4149140473 0.4163600604 0.4194931650 0.4260429102 0.4422005760 0.4881988477 0.6271603467 0.9045693519 0.9999568881 0.6272076154 0.2656906467 0.1909211081 0.2770570681 0.3586344491 0.3942191325 0.4058342400 0.4099239627 0.4115866083 0.4123836063 0.4127522227 0.4129609163 0.4130537322 0.4131184151 0.4131411497 0.4131648139 0.4131684970 0.4131790152 0.4131776318 0.4131833600 0.4131809217 0.4131845931 0.4131822406 0.4131848367 0.4131828586 0.4131847747 0.4131832102 0.4131846282 0.4131834513 0.4131844662 0.4131836419 0.4131843077 0.4131838077 0.4131841548 0.4131839618 0.4131840044 0.4131841123 0.4131838506 0.4131842648 0.4131836855 0.4131844228 0.4131834963 0.4131845843 0.4131832578 0.4131847315 0.4131829117 0.4131847977 0.4131823067 0.4131845694 0.4131810212 0.4131833845 0.4131778218 0.4131791826 0.4131689404 0.4131653985 0.4131423179 0.4131202244 0.4130570267 0.4129663983 0.4127619855 0.4124005942 0.4116173325 0.4099802604 0.4059420029 0.3944308218 0.3590208065 0.2775460610 0.1910253501 0.2645808676 0.6244535214 0.9975433649 0.9049416063 0.6283823195 0.4889920442 0.4426208052 0.4262654022 0.4196153283 0.4164277706 0.4149530469 0.4141186640 0.4137469810 0.4134887289 0.4133972599 0.4133031906 0.4132878112 0.4132464487 0.4132512047 0.4132291419 0.4132379672 0.4132242939 0.4132326008 0.4132234188 0.4132300213 0.4132237858 0.4132284869 0.4132245174 0.4132273693 0.4132253474 0.4132264248 
0.4132262181 0.4132255517 0.4132271588 0.4132247203 0.4132282666 0.4132239823 0.4132297770 0.4132235908 0.4132322966 0.4132243878 0.4132375062 0.4132290031 0.4132503205 0.4132456396 0.4132857608 0.4133004720 0.4133919401 0.4134805441 0.4137323019 0.4140945187 0.4149106595 0.4163550532 0.4194858831 0.4260325139 0.4421860354 0.4881789816 0.6271341373 0.9045380425 0.9999278169 0.6271869271 0.2656759819 0.1909083639 0.2770437057 0.3586194758 0.3942024791 0.4058161562 0.4099047412 0.4115665155 0.4123628653 0.4127310119 0.4129393721 0.4130319560 0.4130964798 0.4131191070 0.4131426994 0.4131463350 0.4131568220 0.4131554182 0.4131611333 0.4131586865 0.4131623524 0.4131599964 0.4131625903 0.4131606108 0.4131625260 0.4131609609 0.4131623785 0.4131612015 0.4131622162 0.4131613918 0.4131620575 0.4131615576 0.4131619046 0.4131617116 0.4131617541 0.4131618621 0.4131616003 0.4131620146 0.4131614353 0.4131621727 0.4131612462 0.4131623344 0.4131610081 0.4131624821 0.4131606629 0.4131625498 0.4131600602 0.4131623254 0.4131587809 0.4131611502 0.4131555970 0.4131569727 0.4131467541 0.4131432487 0.4131202244 0.4130982168 0.4130351486 0.4129447129 0.4127405820 0.4123795954 0.4115969018 0.4099606069 0.4059233814 0.3944135192 0.3590050734 0.2775318330 0.1910116206 0.2645650111 0.6244312212 0.9975120014 0.9049074255 0.6283532120 0.4889696118 0.4426041215 0.4262532794 0.4196066949 0.4164217316 0.4149488882 0.4141158392 0.4137450845 0.4134874687 0.4133964295 0.4133026477 0.4132874584 0.4132462206 0.4132510580 0.4132290479 0.4132379072 0.4132242557 0.4132325765 0.4132234034 0.4132300116 0.4132237797 0.4132284830 0.4132245150 0.4132273677 0.4132253463 0.4132264241 
0.4132262172 0.4132255508 0.4132271576 0.4132247185 0.4132282637 0.4132239776 0.4132297695 0.4132235785 0.4132322765 0.4132243551 0.4132374532 0.4132289171 0.4132501817 0.4132454163 0.4132854030 0.4132999018 0.4133910366 0.4134791222 0.4137300825 0.4140910875 0.4149054148 0.4163471429 0.4194741378 0.4260153881 0.4421615791 0.4881448805 0.6270881054 0.9044804376 0.9998673918 0.6271336575 0.2656291084 0.1908629700 0.2769962930 0.3585687602 0.3941485881 0.4057596656 0.4098462436 0.4115065222 0.4123017886 0.4126691701 0.4128770008 0.4129692250 0.4130335079 0.4130559757 0.4130794637 0.4130830316 0.4130934748 0.4130920431 0.4130977402 0.4130952822 0.4130989408 0.4130965804 0.4130991714 0.4130971901 0.4130991041 0.4130975384 0.4130989555 0.4130977782 0.4130987927 0.4130979682 0.4130986339 0.4130981339 0.4130984809 0.4130982879 0.4130983304 0.4130984383 0.4130981766 0.4130985909 0.4130980116 0.4130987490 0.4130978227 0.4130989111 0.4130975850 0.4130990595 0.4130972410 0.4130991291 0.4130966415 0.4130989098 0.4130953704 0.4130977479 0.4130922080 0.4130936048 0.4130834198 0.4130799675 0.4130570267 0.4130351486 0.4129722800 0.4128821474 0.4126784704 0.4123181507 0.4115364173 0.4099014697 0.4058660810 0.3943586347 0.3589531765 0.2774830380 0.1909645680 0.2645160057 0.6243750332 0.9974476560 0.9048452110 0.6283026625 0.4889315749 0.4425764308 0.4262335931 0.4195929822 0.4164123472 0.4149425628 0.4141116300 0.4137423140 0.4134856615 0.4133952598 0.4133018953 0.4132869771 0.4132459140 0.4132508634 0.4132289248 0.4132378295 0.4132242068 0.4132325458 0.4132233841 0.4132299995 0.4132237721 0.4132284783 0.4132245120 0.4132273658 0.4132253450 0.4132264231 
0.4132262163 0.4132255497 0.4132271561 0.4132247163 0.4132282601 0.4132239718 0.4132297599 0.4132235628 0.4132322506 0.4132243125 0.4132373833 0.4132288028 0.4132499951 0.4132451125 0.4132849099 0.4132991045 0.4133897533 0.4134770681 0.4137268166 0.4140859377 0.4148973751 0.4163347436 0.4194552923 0.4259872444 0.4421204088 0.4880861200 0.6270072462 0.9043792169 0.9997663686 0.6270531803 0.2655647237 0.1908030835 0.2769332781 0.3584997926 0.3940738228 0.4056802201 0.4097632708 0.4114209923 0.4122144586 0.4125806039 0.4127876022 0.4128792753 0.4129431978 0.4129654327 0.4129887712 0.4129922441 0.4130026270 0.4130011574 0.4130068306 0.4130043576 0.4130080069 0.4130056407 0.4130082280 0.4130062445 0.4130081571 0.4130065905 0.4130080071 0.4130068294 0.4130078438 0.4130070192 0.4130076847 0.4130071847 0.4130075317 0.4130073387 0.4130073811 0.4130074891 0.4130072274 0.4130076417 0.4130070625 0.4130078000 0.4130068738 0.4130079623 0.4130066366 0.4130081116 0.4130062941 0.4130081837 0.4130056987 0.4130079711 0.4130044386 0.4130068272 0.4130013054 0.4130027314 0.4129925938 0.4129892175 0.4129663983 0.4129447129 0.4128821474 0.4127924857 0.4125895314 0.4122303015 0.4114501796 0.4098175552 0.4057854183 0.3942823471 0.3588823706 0.2774178645 0.1909021436 0.2644484719 0.6242903145 0.9973408031 0.9047369023 0.6282148107 0.4888667952 0.4425304033 0.4262016815 0.4195713018 0.4163978681 0.4149330292 0.4141054262 0.4137383153 0.4134831043 0.4133936347 0.4133008678 0.4132863300 0.4132455080 0.4132506093 0.4132287661 0.4132377305 0.4132241451 0.4132325074 0.4132233602 0.4132299847 0.4132237629 0.4132284725 0.4132245084 0.4132273635 0.4132253435 0.4132264220 
0.4132262151 0.4132255484 0.4132271543 0.4132247135 0.4132282557 0.4132239645 0.4132297479 0.4132235429 0.4132322176 0.4132242580 0.4132372931 0.4132286536 0.4132497488 0.4132447065 0.4132842421 0.4132980086 0.4133879608 0.4134741477 0.4137220829 0.4140783142 0.4148851989 0.4163154976 0.4194252679 0.4259411635 0.4420510855 0.4879843650 0.6268631573 0.9041920381 0.9995670962 0.6268789208 0.2654132254 0.1906566118 0.2767792272 0.3583337767 0.3938967328 0.4054945206 0.4095713107 0.4112246495 0.4120151328 0.4123792950 0.4125849974 0.4126758365 0.4127392274 0.4127611271 0.4127842550 0.4127875967 0.4127978979 0.4127963778 0.4128020196 0.4127995274 0.4128031647 0.4128007912 0.4128033739 0.4128013877 0.4128032986 0.4128017309 0.4128031468 0.4128019688 0.4128029829 0.4128021581 0.4128028236 0.4128023235 0.4128026705 0.4128024774 0.4128025199 0.4128026278 0.4128023662 0.4128027805 0.4128022013 0.4128029389 0.4128020129 0.4128031017 0.4128017764 0.4128032521 0.4128014359 0.4128033274 0.4128008457 0.4128031234 0.4127995999 0.4128020032 0.4127965057 0.4127979717 0.4127878997 0.4127846303 0.4127619855 0.4127405820 0.4126784704 0.4125895314 0.4123877164 0.4120302553 0.4112528311 0.4096242252 0.4055979063 0.3941029393 0.3587134968 0.2772603802 0.1907515120 0.2642916641 0.6241088895 0.9971319740 0.9045384697 0.6280598465 0.4887558604 0.4424538337 0.4261501102 0.4195372441 0.4163757321 0.4149188238 0.4140964013 0.4137326268 0.4134795405 0.4133914126 0.4132994872 0.4132854747 0.4132449791 0.4132502828 0.4132285647 0.4132376064 0.4132240687 0.4132324603 0.4132233312 0.4132299668 0.4132237519 0.4132284657 0.4132245041 0.4132273608 0.4132253417 0.4132264207 
0.4132262137 0.4132255469 0.4132271522 0.4132247102 0.4132282503 0.4132239556 0.4132297331 0.4132235182 0.4132321765 0.4132241893 0.4132371784 0.4132284623 0.4132494296 0.4132441741 0.4132833547 0.4132965309 0.4133855038 0.4134700716 0.4137153415 0.4140672139 0.4148670291 0.4162859968 0.4193778841 0.4258661353 0.4419344553 0.4878073721 0.6266045183 0.9038485034 0.9992013805 0.6265662202 0.2651476238 0.1904016294 0.2765094228 0.3580406216 0.3935824478 0.4051643558 0.4092300380 0.4108759017 0.4116614868 0.4120225063 0.4122262215 0.4123158197 0.4123784409 0.4123998671 0.4124227041 0.4124258684 0.4124360609 0.4124344750 0.4124400763 0.4124375598 0.4124411820 0.4124387995 0.4124413766 0.4124393871 0.4124412958 0.4124397270 0.4124411421 0.4124399636 0.4124409774 0.4124401525 0.4124408178 0.4124403177 0.4124406646 0.4124404715 0.4124405140 0.4124406220 0.4124403603 0.4124407746 0.4124401956 0.4124409332 0.4124400074 0.4124410965 0.4124397719 0.4124412484 0.4124394337 0.4124413276 0.4124388501 0.4124411346 0.4124376227 0.4124400450 0.4124345797 0.4124360988 0.4124261158 0.4124229938 0.4124005942 0.4123795954 0.4123181507 0.4122303015 0.4120302553 0.4116756276 0.4109026768 0.4092809834 0.4052650628 0.3937851354 0.3584158974 0.2769851504 0.1904899471 0.2640177608 0.6237851261 0.9967514911 0.9041773833 0.6277843556 0.4885649335 0.4423264872 0.4260671825 0.4194842135 0.4163422901 0.4148979543 0.4140834790 0.4137246702 0.4134746615 0.4133884290 0.4132976662 0.4132843644 0.4132443027 0.4132498707 0.4132283137 0.4132374535 0.4132239755 0.4132324035 0.4132232966 0.4132299456 0.4132237389 0.4132284578 0.4132244992 0.4132273577 0.4132253397 0.4132264192 
0.4132262122 0.4132255451 0.4132271496 0.4132247063 0.4132282439 0.4132239449 0.4132297152 0.4132234882 0.4132321261 0.4132241045 0.4132370358 0.4132282219 0.4132490244 0.4132434903 0.4132822001 0.4132945801 0.4133822071 0.4134645012 0.4137059375 0.4140513661 0.4148404058 0.4162414939 0.4193040533 0.4257449923 0.4417387493 0.4874980639 0.6261331896 0.9031939654 0.9984674998 0.6259026473 0.2645589424 0.1898248696 0.2758981100 0.3573807932 0.3928809892 0.4044331527 0.4084790480 0.4101122167 0.4108898403 0.4112459522 0.4114466728 0.4115344603 0.4115959897 0.4116167615 0.4116392052 0.4116421347 0.4116521857 0.4116505157 0.4116560659 0.4116535192 0.4116571228 0.4116547296 0.4116572998 0.4116553065 0.4116572126 0.4116556424 0.4116570565 0.4116558776 0.4116568909 0.4116560659 0.4116567311 0.4116562309 0.4116565777 0.4116563847 0.4116564271 0.4116565351 0.4116562735 0.4116566878 0.4116561089 0.4116568466 0.4116559211 0.4116570105 0.4116556866 0.4116571640 0.4116553513 0.4116572480 0.4116547759 0.4116570688 0.4116535717 0.4116560181 0.4116505944 0.4116521827 0.4116423180 0.4116393947 0.4116173325 0.4115969018 0.4115364173 0.4114501796 0.4112528311 0.4109026768 0.4101370681 0.4085272158 0.4045299580 0.3930783837 0.3577491758 0.2763651792 0.1899024070 0.2634152599 0.6231032182 0.9959936745 0.9034949910 0.6272868688 0.4882346022 0.4421151192 0.4259348608 0.4194026367 0.4162925359 0.4148678293 0.4140653251 0.4137137619 0.4134681168 0.4133845048 0.4132953129 0.4132829525 0.4132434548 0.4132493610 0.4132280069 0.4132372686 0.4132238639 0.4132323361 0.4132232557 0.4132299209 0.4132237239 0.4132284486 0.4132244936 0.4132273542 0.4132253373 0.4132264175 
0.4132262104 0.4132255430 0.4132271467 0.4132247017 0.4132282363 0.4132239323 0.4132296939 0.4132234523 0.4132320655 0.4132240019 0.4132368617 0.4132279263 0.4132485210 0.4132426317 0.4132807319 0.4132920648 0.4133778880 0.4134570703 0.4136931303 0.4140292668 0.4148022591 0.4161757158 0.4191909752 0.4255517985 0.4414121513 0.4869555050 0.6252619694 0.9019221203 0.9969834913 0.6245249426 0.2633166979 0.1885957926 0.2745897704 0.3559695258 0.3913862582 0.4028823084 0.4068930699 0.4085049235 0.4092698276 0.4096184359 0.4098147482 0.4098999591 0.4099599782 0.4099798688 0.4100017935 0.4100044204 0.4100142914 0.4100125167 0.4100180036 0.4100154206 0.4100190016 0.4100165958 0.4100191576 0.4100171601 0.4100190629 0.4100174915 0.4100189042 0.4100177250 0.4100187377 0.4100179127 0.4100185775 0.4100180774 0.4100184241 0.4100182311 0.4100182735 0.4100183814 0.4100181199 0.4100185342 0.4100179555 0.4100186932 0.4100177682 0.4100188577 0.4100175349 0.4100190133 0.4100172031 0.4100191031 0.4100166376 0.4100189405 0.4100154618 0.4100179380 0.4100125671 0.4100142434 0.4100045323 0.4100018698 0.4099802604 0.4099606069 0.4099014697 0.4098175552 0.4096242252 0.4092809834 0.4085272158 0.4069374107 0.4029735300 0.3915757725 0.3563272441 0.2750430022 0.1886557536 0.2621504118 0.6216958850 0.9944715089 0.9021790605 0.6263751343 0.4876606075 0.4417659968 0.4257261905 0.4192792067 0.4162199614 0.4148252789 0.4140403992 0.4136991522 0.4134595421 0.4133794621 0.4132923409 0.4132811966 0.4132424149 0.4132487436 0.4132276395 0.4132370494 0.4132237329 0.4132322576 0.4132232087 0.4132298926 0.4132237068 0.4132284383 0.4132244873 0.4132273502 0.4132253348 0.4132264155 
0.4132262084 0.4132255406 0.4132271433 0.4132246963 0.4132282276 0.4132239176 0.4132296692 0.4132234103 0.4132319942 0.4132238804 0.4132366542 0.4132275708 0.4132479103 0.4132415791 0.4132789117 0.4132889045 0.4133723790 0.4134474249 0.4136761668 0.4139992970 0.4147490780 0.4160809812 0.4190217443 0.4252492410 0.4408725686 0.4860012933 0.6236153930 0.8993171789 0.9936782035 0.6212162369 0.2601754481 0.1854183693 0.2712058278 0.3523526375 0.3875963957 0.3989855116 0.4029342726 0.4045109348 0.4052559819 0.4055934226 0.4057834282 0.4058650799 0.4059230698 0.4059418084 0.4059630671 0.4059653149 0.4059749623 0.4059730612 0.4059784712 0.4059758460 0.4059793995 0.4059769798 0.4059795314 0.4059775295 0.4059794283 0.4059778557 0.4059792666 0.4059780873 0.4059790991 0.4059782743 0.4059789386 0.4059784387 0.4059787852 0.4059785922 0.4059786346 0.4059787425 0.4059784811 0.4059788953 0.4059783170 0.4059790545 0.4059781303 0.4059792198 0.4059778985 0.4059793776 0.4059775708 0.4059794741 0.4059770171 0.4059793312 0.4059758757 0.4059783872 0.4059730822 0.4059748670 0.4059653506 0.4059630209 0.4059420029 0.4059233814 0.4058660810 0.4057854183 0.4055979063 0.4052650628 0.4045299580 0.4029735300 0.3990689827 0.3877744311 0.3526940137 0.2716367794 0.1854488189 0.2589703340 0.6183366159 0.9911027823 0.8995028831 0.6246657010 0.4866599671 0.4411947369 0.4254028217 0.4190965983 0.4161167442 0.4147667654 0.4140070953 0.4136801110 0.4134486042 0.4133731498 0.4132886815 0.4132790661 0.4132411694 0.4132480128 0.4132272092 0.4132367952 0.4132235822 0.4132321681 0.4132231553 0.4132298607 0.4132236877 0.4132284268 0.4132244803 0.4132273459 0.4132253319 0.4132264134 
0.4132262064 0.4132255380 0.4132271396 0.4132246904 0.4132282175 0.4132239011 0.4132296406 0.4132233625 0.4132319115 0.4132237400 0.4132364115 0.4132271540 0.4132471867 0.4132403232 0.4132767140 0.4132850465 0.4133655551 0.4134352867 0.4136544010 0.4139599666 0.4146773527 0.4159489443 0.4187761621 0.4247877276 0.4399962444 0.4843221377 0.6204029204 0.8935717914 0.9854471190 0.6121089825 0.2509534436 0.1758575891 0.2610501289 0.3416382728 0.3765150426 0.3877011496 0.3915428706 0.3930632786 0.3937784537 0.3940999206 0.3942812501 0.3943581787 0.3944135401 0.3944308310 0.3944512613 0.3944530531 0.3944624293 0.3944603826 0.3944656998 0.3944630285 0.3944665484 0.3944641151 0.3944666533 0.3944646483 0.3944665410 0.3944649686 0.3944663763 0.3944651979 0.3944662079 0.3944653839 0.3944660472 0.3944655478 0.3944658938 0.3944657011 0.3944657434 0.3944658512 0.3944655902 0.3944660039 0.3944654264 0.3944661632 0.3944652405 0.3944663291 0.3944650106 0.3944664894 0.3944646879 0.3944665935 0.3944641481 0.3944664734 0.3944630471 0.3944655980 0.3944603744 0.3944622870 0.3944530122 0.3944510906 0.3944308218 0.3944135192 0.3943586347 0.3942823471 0.3941029393 0.3937851354 0.3930783837 0.3915757725 0.3877744311 0.3766770626 0.3419552290 0.2614453109 0.1758377219 0.2496800485 0.6091409483 0.9827631503 0.8936393726 0.6213553111 0.4849134307 0.4402752371 0.4249143995 0.4188344631 0.4159745913 0.4146888744 0.4139640105 0.4136560568 0.4134350702 0.4133654723 0.4132843011 0.4132765474 0.4132397165 0.4132471674 0.4132267177 0.4132365059 0.4132234134 0.4132320674 0.4132230967 0.4132298250 0.4132236672 0.4132284138 0.4132244730 0.4132273409 0.4132253290 0.4132264109 
0.4132262050 0.4132255352 0.4132271343 0.4132246859 0.4132282033 0.4132238869 0.4132296034 0.4132233154 0.4132318103 0.4132235905 0.4132361241 0.4132266898 0.4132463373 0.4132388818 0.4132741173 0.4132805012 0.4133573459 0.4134205560 0.4136274279 0.4139103188 0.4145843274 0.4157723311 0.4184338927 0.4241098278 0.4386121961 0.4813776021 0.6138703578 0.8798008076 0.9630293361 0.5849810526 0.2218545400 0.1450527385 0.2284665623 0.3076989021 0.3418134878 0.3526327177 0.3563014103 0.3577382430 0.3584116792 0.3587119407 0.3588821419 0.3589532412 0.3590054049 0.3590210044 0.3590404563 0.3590417428 0.3590507998 0.3590486033 0.3590538076 0.3590510958 0.3590545707 0.3590521304 0.3590546476 0.3590526454 0.3590545264 0.3590529588 0.3590543590 0.3590531852 0.3590541901 0.3590533698 0.3590540297 0.3590535328 0.3590538768 0.3590536854 0.3590537270 0.3590538349 0.3590535745 0.3590539870 0.3590534116 0.3590541460 0.3590532269 0.3590543122 0.3590529995 0.3590544746 0.3590526828 0.3590545863 0.3590521590 0.3590544906 0.3590511039 0.3590536910 0.3590485686 0.3590506166 0.3590416320 0.3590401730 0.3590208065 0.3590050734 0.3589531765 0.3588823706 0.3587134968 0.3584158974 0.3577491758 0.3563272441 0.3526940137 0.3419552290 0.3079818807 0.2288071301 0.1449518072 0.2204710462 0.5818743479 0.9601710471 0.8796717519 0.6146700705 0.4818736586 0.4388349074 0.4242035072 0.4184728269 0.4157865884 0.4145891093 0.4139103685 0.4136266933 0.4134189140 0.4133563982 0.4132792396 0.4132736313 0.4132380868 0.4132461971 0.4132261851 0.4132361710 0.4132232400 0.4132319462 0.4132230423 0.4132297782 0.4132236520 0.4132283941 0.4132244699 0.4132273319 0.4132253287 0.4132264065 
0.4132262077 0.4132255359 0.4132271169 0.4132247011 0.4132281590 0.4132239090 0.4132295150 0.4132233214 0.4132316295 0.4132235069 0.4132357089 0.4132262837 0.4132452548 0.4132374058 0.4132709916 0.4132754942 0.4133476067 0.4134035744 0.4135950429 0.4138506284 0.4144687720 0.4155480073 0.4179806399 0.4231657531 0.4365221004 0.4763268232 0.6005992340 0.8481896364 0.9109257213 0.5230337908 0.1546735847 0.0730382017 0.1521525179 0.2285670674 0.2613263394 0.2715877104 0.2750239288 0.2763580782 0.2769831136 0.2772600971 0.2774183681 0.2774835438 0.2775324162 0.2775464184 0.2775648666 0.2775657250 0.2775744373 0.2775721433 0.2775772081 0.2775744923 0.2775778978 0.2775754776 0.2775779528 0.2775759740 0.2775778261 0.2775762794 0.2775776584 0.2775765017 0.2775774908 0.2775766835 0.2775773321 0.2775768443 0.2775771809 0.2775769949 0.2775770329 0.2775771426 0.2775768823 0.2775772930 0.2775767215 0.2775774503 0.2775765394 0.2775776152 0.2775763158 0.2775777776 0.2775760063 0.2775778938 0.2775754990 0.2775778174 0.2775744882 0.2775770836 0.2775720833 0.2775742254 0.2775655534 0.2775644966 0.2775460610 0.2775318330 0.2774830380 0.2774178645 0.2772603802 0.2769851504 0.2763651792 0.2750430022 0.2716367794 0.2614453109 0.2288071301 0.1524207857 0.0728428223 0.1531994895 0.5198547465 0.9079307615 0.8477922366 0.6011747700 0.4766951683 0.4366760890 0.4232218124 0.4179984832 0.4155503524 0.4144666612 0.4138467298 0.4135919497 0.4134005872 0.4133458163 0.4132737716 0.4132701881 0.4132364584 0.4132449843 0.4132257365 0.4132356941 0.4132231536 0.4132317295 0.4132230598 0.4132296640 0.4132236906 0.4132283280 0.4132245033 0.4132272942 0.4132253484 0.4132263897 
0.4132262160 0.4132255629 0.4132270400 0.4132248086 0.4132279858 0.4132240950 0.4132292191 0.4132235709 0.4132311459 0.4132237559 0.4132348640 0.4132263011 0.4132435443 0.4132364026 0.4132668437 0.4132707710 0.4133357934 0.4133855767 0.4135569083 0.4137833289 0.4143313847 0.4152808522 0.4174165454 0.4219433044 0.4335856089 0.4682796505 0.5765283791 0.7904322369 0.8329450334 0.4540433050 0.0880684010 0.0004418590 0.0726621640 0.1447686707 0.1757465138 0.1854134262 0.1886438972 0.1898993637 0.1904901971 0.1907525995 0.1909034254 0.1909655727 0.1910124750 0.1910259025 0.1910436938 0.1910445309 0.1910529505 0.1910507509 0.1910556444 0.1910530339 0.1910563201 0.1910539925 0.1910563774 0.1910544751 0.1910562566 0.1910547714 0.1910560953 0.1910549867 0.1910559335 0.1910551627 0.1910557801 0.1910553183 0.1910556339 0.1910554640 0.1910554907 0.1910556069 0.1910553448 0.1910557524 0.1910551890 0.1910559045 0.1910550124 0.1910560636 0.1910547950 0.1910562195 0.1910544930 0.1910563288 0.1910539966 0.1910562468 0.1910530055 0.1910555181 0.1910506497 0.1910527125 0.1910442757 0.1910432320 0.1910253501 0.1910116206 0.1909645680 0.1909021436 0.1907515120 0.1904899471 0.1899024070 0.1886557536 0.1854488189 0.1758377219 0.1449518072 0.0728428223 0.0001944661 0.0867065632 0.4512085536 0.8302267088 0.7898444802 0.5768315270 0.4684948921 0.4336636120 0.4219605072 0.4174134392 0.4152718728 0.4143227663 0.4137758934 0.4135516241 0.4133814638 0.4133331998 0.4132687104 0.4132657069 0.4132353832 0.4132431070 0.4132257730 0.4132347440 0.4132234524 0.4132311649 0.4132233690 0.4132292972 0.4132239390 0.4132280886 0.4132246737 0.4132271533 0.4132254381 0.4132263350 
0.4132262123 0.4132256624 0.4132268285 0.4132251137 0.4132275477 0.4132246144 0.4132285119 0.4132243076 0.4132300775 0.4132246714 0.4132332149 0.4132271947 0.4132407251 0.4132364991 0.4132610918 0.4132672704 0.4133213378 0.4133682468 0.4135131050 0.4137125118 0.4141760484 0.4149848277 0.4167651265 0.4205003642 0.4298901467 0.4572179105 0.5413195787 0.7121442708 0.7716274351 0.4842694913 0.1681385076 0.0869712200 0.1531505292 0.2203823632 0.2496360636 0.2589587127 0.2621515209 0.2634198043 0.2640224715 0.2642955298 0.2644514003 0.2645180936 0.2645664854 0.2645818646 0.2645998928 0.2646016741 0.2646099493 0.2646082847 0.2646129474 0.2646106865 0.2646137482 0.2646116719 0.2646138640 0.2646121517 0.2646137755 0.2646124366 0.2646136354 0.2646126386 0.2646134898 0.2646128017 0.2646133501 0.2646129451 0.2646132163 0.2646130790 0.2646130848 0.2646132101 0.2646129505 0.2646133434 0.2646128064 0.2646134819 0.2646126417 0.2646136247 0.2646124357 0.2646137583 0.2646121416 0.2646138321 0.2646116403 0.2646136828 0.2646106047 0.2646128055 0.2646080889 0.2646096356 0.2646012240 0.2645992027 0.2645808676 0.2645650111 0.2645160057 0.2644484719 0.2642916641 0.2640177608 0.2634152599 0.2621504118 0.2589703340 0.2496800485 0.2204710462 0.1531994895 0.0867065632 0.1671505277 0.4823495924 0.7697940457 0.7115947857 0.5413745364 0.4572814205 0.4298957440 0.4204824128 0.4167436284 0.4149662970 0.4141619341 0.4137022583 0.4135059794 0.4133633080 0.4133180413 0.4132650125 0.4132596314 0.4132354874 0.4132400985 0.4132267411 0.4132329566 0.4132244630 0.4132299791 0.4132242059 0.4132284823 0.4132245590 0.4132275476 0.4132250786 0.4132268415 0.4132256367 0.4132262321 
0.4132261722 0.4132258337 0.4132265085 0.4132255647 0.4132269236 0.4132253602 0.4132275319 0.4132253622 0.4132286333 0.4132260121 0.4132310605 0.4132286402 0.4132372234 0.4132372900 0.4132543824 0.4132645787 0.4133053953 0.4133515835 0.4134664289 0.4136407953 0.4140126800 0.4146779745 0.4160775317 0.4189686212 0.4258707525 0.4448140270 0.5011318803 0.6252888660 0.7324249424 0.6452280923 0.4829790472 0.4515735620 0.5200312313 0.5819482110 0.6091856034 0.6183733185 0.6217248468 0.6231245706 0.6238000665 0.6241191766 0.6242971925 0.6243796724 0.6244342464 0.6244555614 0.6244749197 0.6244792847 0.6244874713 0.6244871523 0.6244913709 0.6244899384 0.6244925238 0.6244910210 0.6244927952 0.6244915054 0.6244927884 0.6244917672 0.6244927002 0.6244919397 0.6244925933 0.6244920730 0.6244924858 0.6244921878 0.6244923810 0.6244922939 0.6244922771 0.6244923973 0.6244921701 0.6244925014 0.6244920539 0.6244926073 0.6244919173 0.6244927102 0.6244917373 0.6244927884 0.6244914584 0.6244927710 0.6244909346 0.6244924417 0.6244897601 0.6244911511 0.6244867597 0.6244869279 0.6244783936 0.6244736228 0.6244535214 0.6244312212 0.6243750332 0.6242903145 0.6241088895 0.6237851261 0.6231032182 0.6216958850 0.6183366159 0.6091409483 0.5818743479 0.5198547465 0.4512085536 0.4823495924 0.6442642391 0.7314916775 0.6248592669 0.5010167752 0.4447613879 0.4258204164 0.4189240699 0.4160425086 0.4146525475 0.4139946979 0.4136285717 0.4134580517 0.4133460781 0.4133016350 0.4132621849 0.4132527140 0.4132362799 0.4132364772 0.4132282324 0.4132307154 0.4132258630 0.4132284616 0.4132253231 0.4132274350 0.4132253676 0.4132268593 0.4132255919 0.4132264587 0.4132258701 0.4132261299 
0.4132261158 0.4132259859 0.4132262436 0.4132259232 0.4132264305 0.4132259339 0.4132267671 0.4132261538 0.4132275027 0.4132269815 0.4132293397 0.4132295808 0.4132343110 0.4132374092 0.4132484832 0.4132610240 0.4132906444 0.4133339630 0.4134218958 0.4135689418 0.4138552424 0.4143784111 0.4154192149 0.4175125622 0.4221473554 0.4336799644 0.4654151338 0.5405594818 0.6522360709 0.7321170804 0.7703859378 0.8307778730 0.9083371790 0.9604160501 0.9829127986 0.9912019090 0.9945383723 0.9960385409 0.9967811666 0.9971515890 0.9973535865 0.9974560717 0.9975174226 0.9975469517 0.9975674543 0.9975756751 0.9975833499 0.9975851645 0.9975885032 0.9975884354 0.9975901672 0.9975896249 0.9975906764 0.9975900952 0.9975908014 0.9975903086 0.9975908007 0.9975904258 0.9975907608 0.9975905052 0.9975907102 0.9975905686 0.9975906570 0.9975906251 0.9975906026 0.9975906786 0.9975905449 0.9975907305 0.9975904791 0.9975907784 0.9975903944 0.9975908115 0.9975902650 0.9975907955 0.9975900236 0.9975906296 0.9975894873 0.9975900222 0.9975881425 0.9975881228 0.9975845040 0.9975824083 0.9975741443 0.9975651802 0.9975433649 0.9975120014 0.9974476560 0.9973408031 0.9971319740 0.9967514911 0.9959936745 0.9944715089 0.9911027823 0.9827631503 0.9601710471 0.9079307615 0.8302267088 0.7697940457 0.7314916775 0.6516458021 0.5401776459 0.4652192368 0.4335643793 0.4220650248 0.4174527370 0.4153767481 0.4143491995 0.4138353082 0.4135556612 0.4134129603 0.4133281347 0.4132867177 0.4132585227 0.4132467661 0.4132363588 0.4132335532 0.4132291548 0.4132289950 0.4132268218 0.4132273352 0.4132261070 0.4132266757 0.4132259347 0.4132263720 0.4132259443 0.4132261998 0.4132260163 0.4132260795 
0.4132260809 0.4132260561 0.4132261226 0.4132260743 0.4132262116 0.4132261635 0.4132264223 0.4132264459 0.4132269638 0.4132272679 0.4132284247 0.4132296188 0.4132324939 0.4132363752 0.4132441317 0.4132561186 0.4132783564 0.4133153337 0.4133824898 0.4134996327 0.4137141062 0.4141047673 0.4148429971 0.4162674165 0.4191651428 0.4255262350 0.4407835437 0.4760696952 0.5406567702 0.6254311997 0.7121853103 0.7903756844 0.8481854856 0.8799288973 0.8938080712 0.8996169799 0.9022563565 0.9035469349 0.9042119236 0.9045613374 0.9047519188 0.9048550847 0.9049138563 0.9049458292 0.9049649818 0.9049751132 0.9049816956 0.9049848728 0.9049872904 0.9049882120 0.9049891891 0.9049893837 0.9049898340 0.9049898081 0.9049900479 0.9049899700 0.9049901127 0.9049900379 0.9049901259 0.9049900714 0.9049901215 0.9049900919 0.9049901109 0.9049901071 0.9049900975 0.9049901195 0.9049900809 0.9049901284 0.9049900577 0.9049901291 0.9049900181 0.9049901071 0.9049899361 0.9049900214 0.9049897410 0.9049897574 0.9049892382 0.9049889932 0.9049878814 0.9049868115 0.9049841048 0.9049805467 0.9049733136 0.9049622531 0.9049416063 0.9049074255 0.9048452110 0.9047369023 0.9045384697 0.9041773833 0.9034949910 0.9021790605 0.8995028831 0.8936393726 0.8796717519 0.8477922366 0.7898444802 0.7115947857 0.6248592669 0.5401776459 0.4757420931 0.4405809977 0.4253938897 0.4190732171 0.4162033095 0.4147988542 0.4140748482 0.4136939783 0.4134862494 0.4133735885 0.4133094874 0.4132744818 0.4132536018 0.4132424575 0.4132353043 0.4132317707 0.4132291695 0.4132281095 0.4132270841 0.4132268230 0.4132263749 0.4132263560 0.4132261405 0.4132261772 0.4132260718 0.4132261023 0.4132260631 0.4132260679 
0.4132260689 0.4132260712 0.4132260899 0.4132261034 0.4132261509 0.4132261986 0.4132263146 0.4132264615 0.4132267565 0.4132271843 0.4132279652 0.4132291857 0.4132313199 0.4132347970 0.4132407856 0.4132507980 0.4132680354 0.4132974301 0.4133484757 0.4134372160 0.4135937584 0.4138721126 0.4143748259 0.4152962902 0.4170241984 0.4203713718 0.4271375792 0.4408260660 0.4655511377 0.5014132401 0.5417781522 0.5771812329 0.6014402377 0.6148595663 0.6214893858 0.6247600290 0.6264405666 0.6273316129 0.6278145898 0.6280801071 0.6282282909 0.6283115951 0.6283591015 0.6283861983 0.6284019395 0.6284109824 0.6284163390 0.6284194079 0.6284212753 0.6284223240 0.6284229923 0.6284233478 0.6284235956 0.6284237119 0.6284238086 0.6284238430 0.6284238836 0.6284238911 0.6284239094 0.6284239093 0.6284239176 0.6284239166 0.6284239192 0.6284239195 0.6284239178 0.6284239199 0.6284239135 0.6284239165 0.6284239037 0.6284239047 0.6284238798 0.6284238702 0.6284238182 0.6284237747 0.6284236555 0.6284235133 0.6284232171 0.6284227962 0.6284220184 0.6284208118 0.6284186930 0.6284152503 0.6284093130 0.6283993974 0.6283823195 0.6283532120 0.6283026625 0.6282148107 0.6280598465 0.6277843556 0.6272868688 0.6263751343 0.6246657010 0.6213553111 0.6146700705 0.6011747700 0.5768315270 0.5413745364 0.5010167752 0.4652192368 0.4405809977 0.4269650910 0.4202494375 0.4169379548 0.4152360768 0.4143334000 0.4138439724 0.4135748140 0.4134245623 0.4133400614 0.4132918662 0.4132643608 0.4132483844 0.4132391969 0.4132337594 0.4132306369 0.4132287426 0.4132276723 0.4132269965 0.4132266307 0.4132263828 0.4132262602 0.4132261664 0.4132261271 0.4132260914 0.4132260797 0.4132260686 0.4132260657 
0.4132260651 0.4132260704 0.4132260817 0.4132261002 0.4132261324 0.4132261838 0.4132262700 0.4132264091 0.4132266401 0.4132270170 0.4132276418 0.4132286701 0.4132303788 0.4132332134 0.4132379466 0.4132458610 0.4132591675 0.4132816111 0.4133196690 0.4133844883 0.4134954970 0.4136865619 0.4140171491 0.4145916187 0.4155931364 0.4173412988 0.4203841760 0.4255688712 0.4337800762 0.4450049499 0.4575262883 0.4687138582 0.4768740446 0.4820118971 0.4850165984 0.4867348495 0.4877137042 0.4882715625 0.4885902989 0.4887730824 0.4888783915 0.4889393340 0.4889747772 0.4889954698 0.4890076092 0.4890147495 0.4890189705 0.4890214674 0.4890229536 0.4890238359 0.4890243648 0.4890246789 0.4890248688 0.4890249812 0.4890250499 0.4890250901 0.4890251152 0.4890251295 0.4890251388 0.4890251438 0.4890251471 0.4890251488 0.4890251497 0.4890251501 0.4890251497 0.4890251491 0.4890251472 0.4890251448 0.4890251399 0.4890251330 0.4890251203 0.4890251013 0.4890250685 0.4890250170 0.4890249304 0.4890247914 0.4890245601 0.4890241834 0.4890235585 0.4890225304 0.4890208219 0.4890179882 0.4890132563 0.4890053450 0.4889920442 0.4889696118 0.4889315749 0.4888667952 0.4887558604 0.4885649335 0.4882346022 0.4876606075 0.4866599671 0.4849134307 0.4818736586 0.4766951683 0.4684948921 0.4572814205 0.4447613879 0.4335643793 0.4253938897 0.4202494375 0.4172408508 0.4155202068 0.4145398621 0.4139810841 0.4136617848 0.4134786577 0.4133731394 0.4133120689 0.4132765478 0.4132558072 0.4132436386 0.4132364801 0.4132322482 0.4132297443 0.4132282539 0.4132273688 0.4132268385 0.4132265232 0.4132263329 0.4132262202 0.4132261516 0.4132261114 0.4132260871 0.4132260735 0.4132260663 0.4132260637 
0.4132260627 0.4132260675 0.4132260769 0.4132260931 0.4132261200 0.4132261640 0.4132262357 0.4132263526 0.4132265430 0.4132268538 0.4132273616 0.4132281932 0.4132295571 0.4132317985 0.4132354892 0.4132415791 0.4132516485 0.4132683313 0.4132960212 0.4133420483 0.4134186190 0.4135459702 0.4137573506 0.4141065004 0.4146778163 0.4155974222 0.4170379390 0.4191970631 0.4222099732 0.4259782878 0.4300538445 0.4338091546 0.4368006908 0.4389356273 0.4403530700 0.4412527851 0.4418081024 0.4421450094 0.4423473553 0.4424682157 0.4425402154 0.4425830720 0.4426085881 0.4426237939 0.4426328669 0.4426382884 0.4426415329 0.4426434774 0.4426446444 0.4426453458 0.4426457677 0.4426460219 0.4426461750 0.4426462675 0.4426463232 0.4426463569 0.4426463773 0.4426463895 0.4426463969 0.4426464014 0.4426464040 0.4426464055 0.4426464062 0.4426464065 0.4426464062 0.4426464055 0.4426464041 0.4426464017 0.4426463978 0.4426463914 0.4426463810 0.4426463642 0.4426463370 0.4426462927 0.4426462209 0.4426461039 0.4426459135 0.4426456026 0.4426450946 0.4426442628 0.4426428987 0.4426406570 0.4426369658 0.4426308752 0.4426208052 0.4426041215 0.4425764308 0.4425304033 0.4424538337 0.4423264872 0.4421151192 0.4417659968 0.4411947369 0.4402752371 0.4388349074 0.4366760890 0.4336636120 0.4298957440 0.4258204164 0.4220650248 0.4190732171 0.4169379548 0.4155202068 0.4146202417 0.4140647378 0.4137276997 0.4135252652 0.4134043463 0.4133323085 0.4132894275 0.4132638958 0.4132486800 0.4132396007 0.4132341751 0.4132309281 0.4132289819 0.4132278139 0.4132271119 0.4132266896 0.4132264352 0.4132262820 0.4132261896 0.4132261340 0.4132261006 0.4132260808 0.4132260694 0.4132260635 0.4132260615 
0.4132260606 0.4132260647 0.4132260727 0.4132260864 0.4132261090 0.4132261456 0.4132262051 0.4132263011 0.4132264564 0.4132267078 0.4132271149 0.4132277748 0.4132288452 0.4132305830 0.4132334062 0.4132379945 0.4132454536 0.4132575765 0.4132772628 0.4133091750 0.4133607477 0.4134436785 0.4135760064 0.4137846884 0.4141080779 0.4145965346 0.4153074800 0.4162892489 0.4175506432 0.4190288204 0.4205872098 0.4220585381 0.4233079194 0.4242750843 0.4249712271 0.4254462876 0.4257584577 0.4259582521 0.4260838227 0.4261617717 0.4262097566 0.4262391313 0.4262570480 0.4262679505 0.4262745755 0.4262785979 0.4262810392 0.4262825206 0.4262834196 0.4262839653 0.4262842965 0.4262844976 0.4262846197 0.4262846938 0.4262847388 0.4262847661 0.4262847827 0.4262847927 0.4262847988 0.4262848024 0.4262848046 0.4262848058 0.4262848065 0.4262848066 0.4262848064 0.4262848058 0.4262848046 0.4262848025 0.4262847992 0.4262847937 0.4262847849 0.4262847708 0.4262847479 0.4262847110 0.4262846515 0.4262845554 0.4262844000 0.4262841486 0.4262837414 0.4262830815 0.4262820110 0.4262802732 0.4262774499 0.4262728614 0.4262654022 0.4262532794 0.4262335931 0.4262016815 0.4261501102 0.4260671825 0.4259348608 0.4257261905 0.4254028217 0.4249143995 0.4242035072 0.4232218124 0.4219605072 0.4204824128 0.4189240699 0.4174527370 0.4162033095 0.4152360768 0.4145398621 0.4140647378 0.4137525167 0.4135526845 0.4134270872 0.4133491199 0.4133011227 0.4132717400 0.4132538180 0.4132429121 0.4132362849 0.4132322611 0.4132298189 0.4132283369 0.4132274375 0.4132268916 0.4132265603 0.4132263592 0.4132262371 0.4132261630 0.4132261182 0.4132260912 0.4132260751 0.4132260658 0.4132260611 0.4132260595 
0.4132260587 0.4132260622 0.4132260689 0.4132260803 0.4132260990 0.4132261292 0.4132261777 0.4132262556 0.4132263804 0.4132265807 0.4132269018 0.4132274169 0.4132282426 0.4132295661 0.4132316858 0.4132350773 0.4132404946 0.4132491280 0.4132628409 0.4132845216 0.4133185800 0.4133716119 0.4134531910 0.4135766250 0.4137592401 0.4140213855 0.4143830359 0.4148573973 0.4154424598 0.4161122871 0.4168134185 0.4174791824 0.4180570697 0.4185225096 0.4188748081 0.4191281756 0.4193031764 0.4194203802 0.4194970814 0.4195464216 0.4195777585 0.4195974742 0.4196097914 0.4196174465 0.4196221854 0.4196251106 0.4196269121 0.4196280197 0.4196286997 0.4196291168 0.4196293724 0.4196295289 0.4196296247 0.4196296832 0.4196297190 0.4196297408 0.4196297541 0.4196297622 0.4196297671 0.4196297701 0.4196297719 0.4196297729 0.4196297734 0.4196297735 0.4196297733 0.4196297727 0.4196297717 0.4196297699 0.4196297671 0.4196297625 0.4196297551 0.4196297433 0.4196297244 0.4196296941 0.4196296455 0.4196295675 0.4196294427 0.4196292424 0.4196289212 0.4196284061 0.4196275804 0.4196262569 0.4196241371 0.4196207456 0.4196153283 0.4196066949 0.4195929822 0.4195713018 0.4195372441 0.4194842135 0.4194026367 0.4192792067 0.4190965983 0.4188344631 0.4184728269 0.4179984832 0.4174134392 0.4167436284 0.4160425086 0.4153767481 0.4147988542 0.4143334000 0.4139810841 0.4137276997 0.4135526845 0.4134354694 0.4133587598 0.4133094138 0.4132780728 0.4132583543 0.4132460352 0.4132383789 0.4132336391 0.4132307134 0.4132289116 0.4132278038 0.4132271236 0.4132267064 0.4132264508 0.4132262943 0.4132261986 0.4132261402 0.4132261046 0.4132260830 0.4132260701 0.4132260627 0.4132260589 0.4132260577 
0.4132260570 0.4132260599 0.4132260655 0.4132260749 0.4132260902 0.4132261147 0.4132261538 0.4132262160 0.4132263150 0.4132264721 0.4132267217 0.4132271173 0.4132277441 0.4132287352 0.4132302997 0.4132327627 0.4132366278 0.4132426669 0.4132520514 0.4132665308 0.4132886673 0.4133221101 0.4133718657 0.4134444423 0.4135476626 0.4136898199 0.4138778287 0.4141140716 0.4143925586 0.4146981404 0.4150118927 0.4153152396 0.4155895870 0.4158204572 0.4160026386 0.4161391524 0.4162373253 0.4163056486 0.4163519809 0.4163827662 0.4164028977 0.4164158987 0.4164242131 0.4164294893 0.4164328171 0.4164349057 0.4164362115 0.4164370251 0.4164375308 0.4164378443 0.4164380384 0.4164381582 0.4164382322 0.4164382777 0.4164383057 0.4164383229 0.4164383335 0.4164383399 0.4164383439 0.4164383462 0.4164383477 0.4164383485 0.4164383489 0.4164383489 0.4164383488 0.4164383483 0.4164383474 0.4164383459 0.4164383435 0.4164383397 0.4164383336 0.4164383239 0.4164383084 0.4164382838 0.4164382446 0.4164381823 0.4164380833 0.4164379262 0.4164376766 0.4164372810 0.4164366543 0.4164356631 0.4164340986 0.4164316356 0.4164277706 0.4164217316 0.4164123472 0.4163978681 0.4163757321 0.4163422901 0.4162925359 0.4162199614 0.4161167442 0.4159745913 0.4157865884 0.4155503524 0.4152718728 0.4149662970 0.4146525475 0.4143491995 0.4140748482 0.4138439724 0.4136617848 0.4135252652 0.4134270872 0.4133587598 0.4133124245 0.4132816370 0.4132615039 0.4132485018 0.4132401867 0.4132349100 0.4132315818 0.4132294930 0.4132281871 0.4132273734 0.4132268677 0.4132265541 0.4132263600 0.4132262402 0.4132261663 0.4132261208 0.4132260930 0.4132260760 0.4132260658 0.4132260599 0.4132260569 0.4132260560 
0.4132260555 0.4132260579 0.4132260625 0.4132260702 0.4132260825 0.4132261022 0.4132261333 0.4132261824 0.4132262597 0.4132263813 0.4132265723 0.4132268718 0.4132273402 0.4132280711 0.4132292076 0.4132309681 0.4132336820 0.4132378407 0.4132441662 0.4132536998 0.4132679054 0.4132887751 0.4133189006 0.4133614515 0.4134199658 0.4134978579 0.4135976243 0.4137200738 0.4138639701 0.4140248033 0.4141920404 0.4143514306 0.4144927602 0.4146119236 0.4147080786 0.4147823885 0.4148376135 0.4148773184 0.4149050943 0.4149240955 0.4149368595 0.4149453080 0.4149508331 0.4149544112 0.4149567097 0.4149581766 0.4149591075 0.4149596956 0.4149600656 0.4149602976 0.4149604426 0.4149605331 0.4149605894 0.4149606243 0.4149606459 0.4149606593 0.4149606675 0.4149606726 0.4149606757 0.4149606776 0.4149606787 0.4149606793 0.4149606797 0.4149606797 0.4149606796 0.4149606791 0.4149606784 0.4149606772 0.4149606752 0.4149606720 0.4149606670 0.4149606591 0.4149606466 0.4149606269 0.4149605957 0.4149605466 0.4149604692 0.4149603476 0.4149601566 0.4149598571 0.4149593887 0.4149586578 0.4149575213 0.4149557607 0.4149530469 0.4149488882 0.4149425628 0.4149330292 0.4149188238 0.4148979543 0.4148678293 0.4148252789 0.4147667654 0.4146888744 0.4145891093 0.4144666612 0.4143227663 0.4141619341 0.4139946979 0.4138353082 0.4136939783 0.4135748140 0.4134786577 0.4134043463 0.4133491199 0.4133094138 0.4132816370 0.4132626350 0.4132498705 0.4132414216 0.4132358963 0.4132323181 0.4132300194 0.4132285525 0.4132276215 0.4132270334 0.4132266634 0.4132264313 0.4132262863 0.4132261959 0.4132261397 0.4132261048 0.4132260833 0.4132260701 0.4132260622 0.4132260576 0.4132260553 0.4132260546 
0.4132260542 0.4132260562 0.4132260599 0.4132260660 0.4132260759 0.4132260915 0.4132261159 0.4132261541 0.4132262138 0.4132263066 0.4132264509 0.4132266744 0.4132270196 0.4132275507 0.4132283646 0.4132296050 0.4132314839 0.4132343088 0.4132385180 0.4132447219 0.4132537469 0.4132666694 0.4132848235 0.4133097497 0.4133430541 0.4133861394 0.4134397821 0.4135034215 0.4135742587 0.4136478944 0.4137215812 0.4137944915 0.4138639028 0.4139255894 0.4139770116 0.4140178418 0.4140490271 0.4140720765 0.4140886450 0.4141002781 0.4141082870 0.4141137107 0.4141173337 0.4141197259 0.4141212905 0.4141223053 0.4141229591 0.4141233777 0.4141236444 0.4141238136 0.4141239205 0.4141239877 0.4141240300 0.4141240564 0.4141240728 0.4141240831 0.4141240895 0.4141240934 0.4141240958 0.4141240973 0.4141240981 0.4141240986 0.4141240989 0.4141240989 0.4141240988 0.4141240984 0.4141240978 0.4141240968 0.4141240952 0.4141240926 0.4141240885 0.4141240822 0.4141240722 0.4141240566 0.4141240321 0.4141239938 0.4141239342 0.4141238413 0.4141236970 0.4141234735 0.4141231283 0.4141225972 0.4141217833 0.4141205430 0.4141186640 0.4141158392 0.4141116300 0.4141054262 0.4140964013 0.4140834790 0.4140653251 0.4140403992 0.4140070953 0.4139640105 0.4139103685 0.4138467298 0.4137758934 0.4137022583 0.4136285717 0.4135556612 0.4134862494 0.4134245623 0.4133731394 0.4133323085 0.4133011227 0.4132780728 0.4132615039 0.4132498705 0.4132418614 0.4132364375 0.4132328145 0.4132304222 0.4132288576 0.4132278427 0.4132271889 0.4132267703 0.4132265035 0.4132263344 0.4132262275 0.4132261603 0.4132261181 0.4132260917 0.4132260754 0.4132260653 0.4132260592 0.4132260557 0.4132260539 0.4132260534 
0.4132260530 0.4132260547 0.4132260577 0.4132260626 0.4132260703 0.4132260825 0.4132261015 0.4132261309 0.4132261763 0.4132262463 0.4132263538 0.4132265185 0.4132267695 0.4132271505 0.4132277257 0.4132285885 0.4132298733 0.4132317698 0.4132345403 0.4132385390 0.4132442276 0.4132521841 0.4132630925 0.4132777023 0.4132967435 0.4133207978 0.4133501614 0.4133849052 0.4134252309 0.4134708756 0.4135188034 0.4135638949 0.4136032667 0.4136367938 0.4136647861 0.4136874274 0.4137051148 0.4137185004 0.4137283528 0.4137354329 0.4137404169 0.4137438643 0.4137462132 0.4137477932 0.4137488444 0.4137495372 0.4137499900 0.4137502840 0.4137504736 0.4137505952 0.4137506728 0.4137507222 0.4137507535 0.4137507732 0.4137507855 0.4137507933 0.4137507981 0.4137508011 0.4137508030 0.4137508041 0.4137508048 0.4137508052 0.4137508054 0.4137508054 0.4137508053 0.4137508050 0.4137508045 0.4137508036 0.4137508023 0.4137508002 0.4137507970 0.4137507919 0.4137507841 0.4137507718 0.4137507528 0.4137507234 0.4137506780 0.4137506079 0.4137505004 0.4137503358 0.4137500848 0.4137497037 0.4137491286 0.4137482657 0.4137469810 0.4137450845 0.4137423140 0.4137383153 0.4137326268 0.4137246702 0.4137137619 0.4136991522 0.4136801110 0.4136560568 0.4136266933 0.4135919497 0.4135516241 0.4135059794 0.4134580517 0.4134129603 0.4133735885 0.4133400614 0.4133120689 0.4132894275 0.4132717400 0.4132583543 0.4132485018 0.4132414216 0.4132364375 0.4132329901 0.4132306412 0.4132290611 0.4132280099 0.4132273171 0.4132268643 0.4132265703 0.4132263807 0.4132262591 0.4132261815 0.4132261321 0.4132261009 0.4132260812 0.4132260690 0.4132260613 0.4132260567 0.4132260540 0.4132260527 0.4132260524 
0.4132260521 0.4132260534 0.4132260558 0.4132260596 0.4132260657 0.4132260751 0.4132260897 0.4132261120 0.4132261462 0.4132261984 0.4132262776 0.4132263974 0.4132265777 0.4132268477 0.4132272495 0.4132278428 0.4132287119 0.4132299721 0.4132317793 0.4132343365 0.4132379003 0.4132427794 0.4132493241 0.4132578989 0.4132688369 0.4132823709 0.4132985272 0.4133168541 0.4133359776 0.4133541334 0.4133713633 0.4133893067 0.4134079540 0.4134255751 0.4134408934 0.4134535454 0.4134636231 0.4134714058 0.4134772543 0.4134815446 0.4134846264 0.4134867997 0.4134883081 0.4134893406 0.4134900389 0.4134905061 0.4134908160 0.4134910197 0.4134911528 0.4134912391 0.4134912948 0.4134913306 0.4134913534 0.4134913679 0.4134913771 0.4134913829 0.4134913865 0.4134913888 0.4134913902 0.4134913911 0.4134913916 0.4134913919 0.4134913920 0.4134913920 0.4134913919 0.4134913917 0.4134913913 0.4134913906 0.4134913895 0.4134913879 0.4134913853 0.4134913813 0.4134913752 0.4134913657 0.4134913511 0.4134913288 0.4134912946 0.4134912424 0.4134911632 0.4134910434 0.4134908631 0.4134905931 0.4134901913 0.4134895980 0.4134887289 0.4134874687 0.4134856615 0.4134831043 0.4134795405 0.4134746615 0.4134681168 0.4134595421 0.4134486042 0.4134350702 0.4134189140 0.4134005872 0.4133814638 0.4133633080 0.4133460781 0.4133281347 0.4133094874 0.4132918662 0.4132765478 0.4132638958 0.4132538180 0.4132460352 0.4132401867 0.4132358963 0.4132328145 0.4132306412 0.4132291327 0.4132281002 0.4132274019 0.4132269347 0.4132266248 0.4132264211 0.4132262880 0.4132262017 0.4132261460 0.4132261103 0.4132260875 0.4132260730 0.4132260639 0.4132260582 0.4132260547 0.4132260527 0.4132260518 0.4132260516 
0.4132260513 0.4132260523 0.4132260542 0.4132260572 0.4132260619 0.4132260691 0.4132260802 0.4132260970 0.4132261224 0.4132261608 0.4132262185 0.4132263047 0.4132264328 0.4132266221 0.4132268998 0.4132273037 0.4132278859 0.4132287163 0.4132298860 0.4132315112 0.4132337332 0.4132367169 0.4132406411 0.4132456837 0.4132519961 0.4132596736 0.4132687476 0.4132793295 0.4132919461 0.4133071046 0.4133235108 0.4133384282 0.4133506641 0.4133607851 0.4133693387 0.4133764659 0.4133822338 0.4133867670 0.4133902359 0.4133928278 0.4133947237 0.4133960847 0.4133970456 0.4133977142 0.4133981734 0.4133984852 0.4133986948 0.4133988345 0.4133989267 0.4133989873 0.4133990267 0.4133990523 0.4133990688 0.4133990794 0.4133990861 0.4133990904 0.4133990931 0.4133990948 0.4133990958 0.4133990965 0.4133990969 0.4133990971 0.4133990972 0.4133990972 0.4133990971 0.4133990969 0.4133990966 0.4133990960 0.4133990952 0.4133990939 0.4133990919 0.4133990888 0.4133990840 0.4133990767 0.4133990657 0.4133990489 0.4133990234 0.4133989850 0.4133989274 0.4133988411 0.4133987130 0.4133985237 0.4133982460 0.4133978421 0.4133972599 0.4133964295 0.4133952598 0.4133936347 0.4133914126 0.4133884290 0.4133845048 0.4133794621 0.4133731498 0.4133654723 0.4133563982 0.4133458163 0.4133331998 0.4133180413 0.4133016350 0.4132867177 0.4132744818 0.4132643608 0.4132558072 0.4132486800 0.4132429121 0.4132383789 0.4132349100 0.4132323181 0.4132304222 0.4132290611 0.4132281002 0.4132274316 0.4132269724 0.4132266606 0.4132264510 0.4132263114 0.4132262191 0.4132261586 0.4132261191 0.4132260935 0.4132260771 0.4132260666 0.4132260599 0.4132260557 0.4132260532 0.4132260517 0.4132260510 0.4132260509 
0.4132260506 0.4132260515 0.4132260529 0.4132260552 0.4132260588 0.4132260643 0.4132260726 0.4132260851 0.4132261038 0.4132261318 0.4132261734 0.4132262347 0.4132263249 0.4132264563 0.4132266464 0.4132269189 0.4132273058 0.4132278487 0.4132286011 0.4132296286 0.4132310092 0.4132328302 0.4132351835 0.4132381555 0.4132418150 0.4132461954 0.4132512568 0.4132567249 0.4132617861 0.4132654840 0.4132683116 0.4132719738 0.4132768946 0.4132821121 0.4132868579 0.4132908958 0.4132942116 0.4132968573 0.4132989146 0.4133004770 0.4133016389 0.4133024865 0.4133030945 0.4133035240 0.4133038233 0.4133040294 0.4133041698 0.4133042645 0.4133043278 0.4133043698 0.4133043974 0.4133044155 0.4133044272 0.4133044348 0.4133044397 0.4133044428 0.4133044448 0.4133044461 0.4133044469 0.4133044473 0.4133044476 0.4133044478 0.4133044479 0.4133044479 0.4133044478 0.4133044476 0.4133044473 0.4133044469 0.4133044463 0.4133044452 0.4133044437 0.4133044413 0.4133044376 0.4133044322 0.4133044238 0.4133044113 0.4133043926 0.4133043646 0.4133043230 0.4133042617 0.4133041715 0.4133040401 0.4133038500 0.4133035775 0.4133031906 0.4133026477 0.4133018953 0.4133008678 0.4132994872 0.4132976662 0.4132953129 0.4132923409 0.4132886815 0.4132843011 0.4132792396 0.4132737716 0.4132687104 0.4132650125 0.4132621849 0.4132585227 0.4132536018 0.4132483844 0.4132436386 0.4132396007 0.4132362849 0.4132336391 0.4132315818 0.4132300194 0.4132288576 0.4132280099 0.4132274019 0.4132269724 0.4132266731 0.4132264670 0.4132263266 0.4132262319 0.4132261686 0.4132261267 0.4132260990 0.4132260810 0.4132260692 0.4132260617 0.4132260568 0.4132260538 0.4132260519 0.4132260508 0.4132260503 0.4132260503 
0.4132260501 0.4132260508 0.4132260519 0.4132260536 0.4132260564 0.4132260605 0.4132260666 0.4132260758 0.4132260895 0.4132261097 0.4132261393 0.4132261827 0.4132262455 0.4132263359 0.4132264649 0.4132266474 0.4132269026 0.4132272554 0.4132277367 0.4132283837 0.4132292391 0.4132303493 0.4132317613 0.4132335172 0.4132356477 0.4132381664 0.4132410825 0.4132445257 0.4132490068 0.4132550824 0.4132619998 0.4132679476 0.4132722563 0.4132755169 0.4132782337 0.4132805387 0.4132824527 0.4132840004 0.4132852208 0.4132861613 0.4132868711 0.4132873967 0.4132877791 0.4132880532 0.4132882468 0.4132883819 0.4132884750 0.4132885386 0.4132885816 0.4132886104 0.4132886296 0.4132886422 0.4132886505 0.4132886559 0.4132886594 0.4132886617 0.4132886631 0.4132886640 0.4132886646 0.4132886649 0.4132886651 0.4132886653 0.4132886653 0.4132886653 0.4132886652 0.4132886651 0.4132886649 0.4132886646 0.4132886640 0.4132886632 0.4132886620 0.4132886602 0.4132886575 0.4132886533 0.4132886472 0.4132886380 0.4132886243 0.4132886041 0.4132885744 0.4132885311 0.4132884683 0.4132883779 0.4132882489 0.4132880664 0.4132878112 0.4132874584 0.4132869771 0.4132863300 0.4132854747 0.4132843644 0.4132829525 0.4132811966 0.4132790661 0.4132765474 0.4132736313 0.4132701881 0.4132657069 0.4132596314 0.4132527140 0.4132467661 0.4132424575 0.4132391969 0.4132364801 0.4132341751 0.4132322611 0.4132307134 0.4132294930 0.4132285525 0.4132278427 0.4132273171 0.4132269347 0.4132266606 0.4132264670 0.4132263319 0.4132262388 0.4132261752 0.4132261322 0.4132261034 0.4132260842 0.4132260716 0.4132260633 0.4132260580 0.4132260545 0.4132260523 0.4132260510 0.4132260502 0.4132260498 0.4132260498 
0.4132260497 0.4132260502 0.4132260510 0.4132260524 0.4132260544 0.4132260575 0.4132260620 0.4132260687 0.4132260786 0.4132260930 0.4132261140 0.4132261443 0.4132261877 0.4132262494 0.4132263363 0.4132264576 0.4132266249 0.4132268530 0.4132271596 0.4132275656 0.4132280945 0.4132287709 0.4132296189 0.4132306587 0.4132319042 0.4132333571 0.4132349868 0.4132366153 0.4132376904 0.4132375863 0.4132367937 0.4132367148 0.4132377693 0.4132393143 0.4132408254 0.4132421455 0.4132432547 0.4132441620 0.4132448865 0.4132454521 0.4132458847 0.4132462093 0.4132464488 0.4132466226 0.4132467470 0.4132468348 0.4132468962 0.4132469385 0.4132469674 0.4132469870 0.4132470001 0.4132470089 0.4132470147 0.4132470185 0.4132470210 0.4132470226 0.4132470236 0.4132470242 0.4132470247 0.4132470249 0.4132470251 0.4132470252 0.4132470252 0.4132470252 0.4132470251 0.4132470250 0.4132470249 0.4132470246 0.4132470242 0.4132470236 0.4132470227 0.4132470213 0.4132470192 0.4132470162 0.4132470116 0.4132470049 0.4132469950 0.4132469806 0.4132469596 0.4132469293 0.4132468859 0.4132468242 0.4132467373 0.4132466160 0.4132464487 0.4132462206 0.4132459140 0.4132455080 0.4132449791 0.4132443027 0.4132434548 0.4132424149 0.4132411694 0.4132397165 0.4132380868 0.4132364584 0.4132353832 0.4132354874 0.4132362799 0.4132363588 0.4132353043 0.4132337594 0.4132322482 0.4132309281 0.4132298189 0.4132289116 0.4132281871 0.4132276215 0.4132271889 0.4132268643 0.4132266248 0.4132264510 0.4132263266 0.4132262388 0.4132261775 0.4132261351 0.4132261062 0.4132260866 0.4132260735 0.4132260648 0.4132260590 0.4132260552 0.4132260527 0.4132260512 0.4132260502 0.4132260497 0.4132260494 0.4132260494 
0.4132260493 0.4132260497 0.4132260504 0.4132260514 0.4132260529 0.4132260551 0.4132260585 0.4132260633 0.4132260704 0.4132260806 0.4132260953 0.4132261164 0.4132261461 0.4132261879 0.4132262461 0.4132263262 0.4132264353 0.4132265820 0.4132267766 0.4132270308 0.4132273573 0.4132277693 0.4132282790 0.4132288964 0.4132296272 0.4132304726 0.4132314430 0.4132326557 0.4132345330 0.4132375415 0.4132411628 0.4132440868 0.4132458694 0.4132470032 0.4132478958 0.4132486581 0.4132493031 0.4132498363 0.4132502666 0.4132506066 0.4132508698 0.4132510697 0.4132512190 0.4132513287 0.4132514081 0.4132514648 0.4132515049 0.4132515328 0.4132515521 0.4132515653 0.4132515743 0.4132515803 0.4132515843 0.4132515869 0.4132515886 0.4132515898 0.4132515905 0.4132515910 0.4132515913 0.4132515915 0.4132515916 0.4132515916 0.4132515917 0.4132515916 0.4132515916 0.4132515915 0.4132515914 0.4132515912 0.4132515909 0.4132515904 0.4132515897 0.4132515887 0.4132515872 0.4132515849 0.4132515816 0.4132515767 0.4132515696 0.4132515594 0.4132515447 0.4132515237 0.4132514939 0.4132514521 0.4132513939 0.4132513138 0.4132512047 0.4132510580 0.4132508634 0.4132506093 0.4132502828 0.4132498707 0.4132493610 0.4132487436 0.4132480128 0.4132471674 0.4132461971 0.4132449843 0.4132431070 0.4132400985 0.4132364772 0.4132335532 0.4132317707 0.4132306369 0.4132297443 0.4132289819 0.4132283369 0.4132278038 0.4132273734 0.4132270334 0.4132267703 0.4132265703 0.4132264211 0.4132263114 0.4132262319 0.4132261752 0.4132261351 0.4132261072 0.4132260879 0.4132260747 0.4132260658 0.4132260598 0.4132260558 0.4132260532 0.4132260515 0.4132260504 0.4132260497 0.4132260493 0.4132260491 0.4132260492 
0.4132260491 0.4132260494 0.4132260499 0.4132260506 0.4132260517 0.4132260534 0.4132260558 0.4132260592 0.4132260643 0.4132260715 0.4132260817 0.4132260962 0.4132261165 0.4132261446 0.4132261833 0.4132262360 0.4132263068 0.4132264008 0.4132265239 0.4132266826 0.4132268840 0.4132271349 0.4132274418 0.4132278091 0.4132282395 0.4132287310 0.4132292636 0.4132297121 0.4132296756 0.4132287076 0.4132272163 0.4132262939 0.4132262792 0.4132267061 0.4132271948 0.4132276348 0.4132280112 0.4132283251 0.4132285810 0.4132287853 0.4132289452 0.4132290680 0.4132291607 0.4132292296 0.4132292800 0.4132293165 0.4132293425 0.4132293608 0.4132293735 0.4132293824 0.4132293884 0.4132293925 0.4132293952 0.4132293970 0.4132293982 0.4132293990 0.4132293995 0.4132293999 0.4132294001 0.4132294002 0.4132294003 0.4132294003 0.4132294003 0.4132294003 0.4132294003 0.4132294002 0.4132294001 0.4132294000 0.4132293997 0.4132293994 0.4132293989 0.4132293981 0.4132293970 0.4132293953 0.4132293929 0.4132293894 0.4132293844 0.4132293772 0.4132293670 0.4132293525 0.4132293322 0.4132293041 0.4132292654 0.4132292127 0.4132291419 0.4132290479 0.4132289248 0.4132287661 0.4132285647 0.4132283137 0.4132280069 0.4132276395 0.4132272092 0.4132267177 0.4132261851 0.4132257365 0.4132257730 0.4132267411 0.4132282324 0.4132291548 0.4132291695 0.4132287426 0.4132282539 0.4132278139 0.4132274375 0.4132271236 0.4132268677 0.4132266634 0.4132265035 0.4132263807 0.4132262880 0.4132262191 0.4132261686 0.4132261322 0.4132261062 0.4132260879 0.4132260751 0.4132260663 0.4132260603 0.4132260562 0.4132260535 0.4132260517 0.4132260505 0.4132260497 0.4132260493 0.4132260490 0.4132260489 0.4132260489 
0.4132260489 0.4132260491 0.4132260494 0.4132260500 0.4132260508 0.4132260520 0.4132260537 0.4132260562 0.4132260598 0.4132260648 0.4132260719 0.4132260818 0.4132260955 0.4132261143 0.4132261399 0.4132261744 0.4132262201 0.4132262802 0.4132263578 0.4132264568 0.4132265809 0.4132267339 0.4132269187 0.4132271379 0.4132273921 0.4132276814 0.4132280163 0.4132284932 0.4132294433 0.4132312308 0.4132334719 0.4132351923 0.4132360778 0.4132365150 0.4132368185 0.4132370754 0.4132372957 0.4132374809 0.4132376332 0.4132377560 0.4132378530 0.4132379282 0.4132379857 0.4132380288 0.4132380607 0.4132380839 0.4132381007 0.4132381126 0.4132381210 0.4132381268 0.4132381309 0.4132381336 0.4132381355 0.4132381367 0.4132381376 0.4132381381 0.4132381385 0.4132381387 0.4132381388 0.4132381389 0.4132381390 0.4132381390 0.4132381390 0.4132381390 0.4132381390 0.4132381389 0.4132381389 0.4132381387 0.4132381386 0.4132381383 0.4132381379 0.4132381373 0.4132381365 0.4132381353 0.4132381336 0.4132381311 0.4132381276 0.4132381225 0.4132381155 0.4132381056 0.4132380918 0.4132380730 0.4132380474 0.4132380130 0.4132379672 0.4132379072 0.4132378295 0.4132377305 0.4132376064 0.4132374535 0.4132372686 0.4132370494 0.4132367952 0.4132365059 0.4132361710 0.4132356941 0.4132347440 0.4132329566 0.4132307154 0.4132289950 0.4132281095 0.4132276723 0.4132273688 0.4132271119 0.4132268916 0.4132267064 0.4132265541 0.4132264313 0.4132263344 0.4132262591 0.4132262017 0.4132261586 0.4132261267 0.4132261034 0.4132260866 0.4132260747 0.4132260663 0.4132260605 0.4132260565 0.4132260537 0.4132260519 0.4132260506 0.4132260498 0.4132260493 0.4132260490 0.4132260488 0.4132260487 0.4132260487 
0.4132260487 0.4132260489 0.4132260491 0.4132260495 0.4132260501 0.4132260510 0.4132260522 0.4132260540 0.4132260565 0.4132260599 0.4132260648 0.4132260715 0.4132260808 0.4132260933 0.4132261102 0.4132261326 0.4132261621 0.4132262003 0.4132262492 0.4132263108 0.4132263873 0.4132264805 0.4132265921 0.4132267230 0.4132268737 0.4132270426 0.4132272160 0.4132273024 0.4132270036 0.4132259929 0.4132245930 0.4132236342 0.4132233719 0.4132234595 0.4132236175 0.4132237664 0.4132238957 0.4132240052 0.4132240959 0.4132241697 0.4132242285 0.4132242745 0.4132243100 0.4132243369 0.4132243570 0.4132243717 0.4132243825 0.4132243902 0.4132243957 0.4132243995 0.4132244022 0.4132244040 0.4132244053 0.4132244061 0.4132244067 0.4132244071 0.4132244073 0.4132244075 0.4132244076 0.4132244076 0.4132244077 0.4132244077 0.4132244077 0.4132244077 0.4132244077 0.4132244076 0.4132244076 0.4132244075 0.4132244073 0.4132244072 0.4132244069 0.4132244065 0.4132244059 0.4132244050 0.4132244038 0.4132244020 0.4132243995 0.4132243960 0.4132243912 0.4132243844 0.4132243752 0.4132243627 0.4132243458 0.4132243234 0.4132242939 0.4132242557 0.4132242068 0.4132241451 0.4132240687 0.4132239755 0.4132238639 0.4132237329 0.4132235822 0.4132234134 0.4132232400 0.4132231536 0.4132234524 0.4132244630 0.4132258630 0.4132268218 0.4132270841 0.4132269965 0.4132268385 0.4132266896 0.4132265603 0.4132264508 0.4132263600 0.4132262863 0.4132262275 0.4132261815 0.4132261460 0.4132261191 0.4132260990 0.4132260842 0.4132260735 0.4132260658 0.4132260603 0.4132260565 0.4132260538 0.4132260520 0.4132260507 0.4132260499 0.4132260493 0.4132260490 0.4132260488 0.4132260486 0.4132260486 0.4132260486 
0.4132260486 0.4132260487 0.4132260489 0.4132260492 0.4132260496 0.4132260502 0.4132260511 0.4132260523 0.4132260541 0.4132260565 0.4132260598 0.4132260644 0.4132260705 0.4132260788 0.4132260899 0.4132261044 0.4132261234 0.4132261477 0.4132261784 0.4132262167 0.4132262638 0.4132263207 0.4132263881 0.4132264665 0.4132265561 0.4132266568 0.4132267779 0.4132269947 0.4132275593 0.4132287450 0.4132302625 0.4132313889 0.4132319012 0.4132320934 0.4132322010 0.4132322889 0.4132323650 0.4132324298 0.4132324840 0.4132325283 0.4132325639 0.4132325920 0.4132326139 0.4132326306 0.4132326432 0.4132326526 0.4132326594 0.4132326644 0.4132326679 0.4132326704 0.4132326722 0.4132326734 0.4132326742 0.4132326748 0.4132326752 0.4132326755 0.4132326756 0.4132326757 0.4132326758 0.4132326758 0.4132326759 0.4132326759 0.4132326759 0.4132326759 0.4132326759 0.4132326758 0.4132326758 0.4132326757 0.4132326756 0.4132326755 0.4132326753 0.4132326750 0.4132326745 0.4132326739 0.4132326730 0.4132326718 0.4132326701 0.4132326677 0.4132326644 0.4132326598 0.4132326536 0.4132326453 0.4132326343 0.4132326197 0.4132326008 0.4132325765 0.4132325458 0.4132325074 0.4132324603 0.4132324035 0.4132323361 0.4132322576 0.4132321681 0.4132320674 0.4132319462 0.4132317295 0.4132311649 0.4132299791 0.4132284616 0.4132273352 0.4132268230 0.4132266307 0.4132265232 0.4132264352 0.4132263592 0.4132262943 0.4132262402 0.4132261959 0.4132261603 0.4132261321 0.4132261103 0.4132260935 0.4132260810 0.4132260716 0.4132260648 0.4132260598 0.4132260562 0.4132260537 0.4132260520 0.4132260508 0.4132260499 0.4132260494 0.4132260490 0.4132260487 0.4132260486 0.4132260485 0.4132260485 0.4132260485 
0.4132260485 0.4132260486 0.4132260487 0.4132260489 0.4132260492 0.4132260497 0.4132260503 0.4132260512 0.4132260524 0.4132260540 0.4132260563 0.4132260593 0.4132260634 0.4132260689 0.4132260761 0.4132260855 0.4132260977 0.4132261131 0.4132261324 0.4132261562 0.4132261852 0.4132262199 0.4132262607 0.4132263077 0.4132263611 0.4132264198 0.4132264741 0.4132264567 0.4132261474 0.4132253105 0.4132241933 0.4132234094 0.4132231415 0.4132231337 0.4132231835 0.4132232344 0.4132232794 0.4132233178 0.4132233501 0.4132233768 0.4132233984 0.4132234155 0.4132234290 0.4132234393 0.4132234472 0.4132234531 0.4132234575 0.4132234606 0.4132234629 0.4132234646 0.4132234657 0.4132234665 0.4132234671 0.4132234674 0.4132234677 0.4132234679 0.4132234680 0.4132234681 0.4132234681 0.4132234681 0.4132234682 0.4132234682 0.4132234682 0.4132234682 0.4132234681 0.4132234681 0.4132234681 0.4132234680 0.4132234680 0.4132234679 0.4132234677 0.4132234675 0.4132234672 0.4132234667 0.4132234661 0.4132234653 0.4132234641 0.4132234624 0.4132234602 0.4132234571 0.4132234530 0.4132234475 0.4132234403 0.4132234309 0.4132234188 0.4132234034 0.4132233841 0.4132233602 0.4132233312 0.4132232966 0.4132232557 0.4132232087 0.4132231553 0.4132230967 0.4132230423 0.4132230598 0.4132233690 0.4132242059 0.4132253231 0.4132261070 0.4132263749 0.4132263828 0.4132263329 0.4132262820 0.4132262371 0.4132261986 0.4132261663 0.4132261397 0.4132261181 0.4132261009 0.4132260875 0.4132260771 0.4132260692 0.4132260633 0.4132260590 0.4132260558 0.4132260535 0.4132260519 0.4132260507 0.4132260499 0.4132260494 0.4132260490 0.4132260487 0.4132260486 0.4132260485 0.4132260484 0.4132260484 0.4132260484 
0.4132260484 0.4132260485 0.4132260486 0.4132260487 0.4132260490 0.4132260493 0.4132260497 0.4132260503 0.4132260511 0.4132260522 0.4132260538 0.4132260558 0.4132260585 0.4132260622 0.4132260669 0.4132260729 0.4132260807 0.4132260904 0.4132261025 0.4132261173 0.4132261352 0.4132261564 0.4132261811 0.4132262094 0.4132262413 0.4132262770 0.4132263238 0.4132264380 0.4132268047 0.4132276197 0.4132286670 0.4132294263 0.4132297460 0.4132298417 0.4132298818 0.4132299124 0.4132299390 0.4132299618 0.4132299812 0.4132299972 0.4132300103 0.4132300207 0.4132300290 0.4132300354 0.4132300403 0.4132300440 0.4132300468 0.4132300488 0.4132300503 0.4132300514 0.4132300521 0.4132300526 0.4132300530 0.4132300533 0.4132300534 0.4132300535 0.4132300536 0.4132300537 0.4132300537 0.4132300537 0.4132300537 0.4132300537 0.4132300537 0.4132300537 0.4132300537 0.4132300537 0.4132300537 0.4132300536 0.4132300536 0.4132300535 0.4132300534 0.4132300532 0.4132300530 0.4132300527 0.4132300523 0.4132300517 0.4132300509 0.4132300497 0.4132300482 0.4132300462 0.4132300434 0.4132300398 0.4132300351 0.4132300291 0.4132300213 0.4132300116 0.4132299995 0.4132299847 0.4132299668 0.4132299456 0.4132299209 0.4132298926 0.4132298607 0.4132298250 0.4132297782 0.4132296640 0.4132292972 0.4132284823 0.4132274350 0.4132266757 0.4132263560 0.4132262602 0.4132262202 0.4132261896 0.4132261630 0.4132261402 0.4132261208 0.4132261048 0.4132260917 0.4132260812 0.4132260730 0.4132260666 0.4132260617 0.4132260580 0.4132260552 0.4132260532 0.4132260517 0.4132260506 0.4132260499 0.4132260494 0.4132260490 0.4132260487 0.4132260486 0.4132260485 0.4132260484 0.4132260484 0.4132260484 0.4132260484 
0.4132260484 0.4132260484 0.4132260485 0.4132260486 0.4132260488 0.4132260490 0.4132260493 0.4132260497 0.4132260502 0.4132260510 0.4132260520 0.4132260534 0.4132260552 0.4132260576 0.4132260606 0.4132260645 0.4132260695 0.4132260756 0.4132260832 0.4132260924 0.4132261035 0.4132261164 0.4132261314 0.4132261485 0.4132261676 0.4132261882 0.4132262033 0.4132261647 0.4132259163 0.4132252963 0.4132244877 0.4132239207 0.4132237149 0.4132236889 0.4132237037 0.4132237213 0.4132237371 0.4132237508 0.4132237624 0.4132237720 0.4132237800 0.4132237864 0.4132237914 0.4132237954 0.4132237985 0.4132238008 0.4132238026 0.4132238039 0.4132238048 0.4132238055 0.4132238060 0.4132238063 0.4132238066 0.4132238067 0.4132238069 0.4132238069 0.4132238070 0.4132238070 0.4132238070 0.4132238071 0.4132238071 0.4132238071 0.4132238071 0.4132238071 0.4132238071 0.4132238071 0.4132238070 0.4132238070 0.4132238070 0.4132238069 0.4132238068 0.4132238067 0.4132238066 0.4132238064 0.4132238060 0.4132238056 0.4132238051 0.4132238043 0.4132238033 0.4132238019 0.4132238001 0.4132237977 0.4132237947 0.4132237908 0.4132237858 0.4132237797 0.4132237721 0.4132237629 0.4132237519 0.4132237389 0.4132237239 0.4132237068 0.4132236877 0.4132236672 0.4132236520 0.4132236906 0.4132239390 0.4132245590 0.4132253676 0.4132259347 0.4132261405 0.4132261664 0.4132261516 0.4132261340 0.4132261182 0.4132261046 0.4132260930 0.4132260833 0.4132260754 0.4132260690 0.4132260639 0.4132260599 0.4132260568 0.4132260545 0.4132260527 0.4132260515 0.4132260505 0.4132260498 0.4132260493 0.4132260490 0.4132260487 0.4132260486 0.4132260485 0.4132260484 0.4132260484 0.4132260483 0.4132260483 0.4132260483 
0.4132260483 0.4132260484 0.4132260484 0.4132260485 0.4132260486 0.4132260488 0.4132260490 0.4132260492 0.4132260496 0.4132260501 0.4132260508 0.4132260518 0.4132260529 0.4132260545 0.4132260565 0.4132260590 0.4132260621 0.4132260660 0.4132260708 0.4132260766 0.4132260833 0.4132260913 0.4132261004 0.4132261108 0.4132261223 0.4132261352 0.4132261549 0.4132262210 0.4132264605 0.4132270015 0.4132276898 0.4132281771 0.4132283719 0.4132284219 0.4132284377 0.4132284485 0.4132284579 0.4132284661 0.4132284731 0.4132284790 0.4132284838 0.4132284878 0.4132284909 0.4132284934 0.4132284953 0.4132284968 0.4132284979 0.4132284987 0.4132284993 0.4132284998 0.4132285001 0.4132285003 0.4132285005 0.4132285006 0.4132285007 0.4132285008 0.4132285008 0.4132285008 0.4132285008 0.4132285008 0.4132285008 0.4132285008 0.4132285008 0.4132285008 0.4132285008 0.4132285008 0.4132285008 0.4132285008 0.4132285008 0.4132285007 0.4132285007 0.4132285006 0.4132285005 0.4132285003 0.4132285001 0.4132284998 0.4132284995 0.4132284989 0.4132284983 0.4132284973 0.4132284961 0.4132284946 0.4132284926 0.4132284901 0.4132284869 0.4132284830 0.4132284783 0.4132284725 0.4132284657 0.4132284578 0.4132284486 0.4132284383 0.4132284268 0.4132284138 0.4132283941 0.4132283280 0.4132280886 0.4132275476 0.4132268593 0.4132263720 0.4132261772 0.4132261271 0.4132261114 0.4132261006 0.4132260912 0.4132260830 0.4132260760 0.4132260701 0.4132260653 0.4132260613 0.4132260582 0.4132260557 0.4132260538 0.4132260523 0.4132260512 0.4132260504 0.4132260497 0.4132260493 0.4132260490 0.4132260487 0.4132260486 0.4132260485 0.4132260484 0.4132260483 0.4132260483 0.4132260483 0.4132260483 0.4132260483 
0.4132260483 0.4132260483 0.4132260484 0.4132260484 0.4132260485 0.4132260486 0.4132260487 0.4132260489 0.4132260492 0.4132260495 0.4132260500 0.4132260506 0.4132260514 0.4132260524 0.4132260537 0.4132260553 0.4132260574 0.4132260598 0.4132260629 0.4132260664 0.4132260707 0.4132260756 0.4132260812 0.4132260875 0.4132260946 0.4132261018 0.4132261049 0.4132260715 0.4132259011 0.4132254962 0.4132249829 0.4132246305 0.4132245030 0.4132244834 0.4132244877 0.4132244940 0.4132244997 0.4132245047 0.4132245090 0.4132245126 0.4132245156 0.4132245181 0.4132245201 0.4132245217 0.4132245229 0.4132245238 0.4132245246 0.4132245251 0.4132245255 0.4132245258 0.4132245261 0.4132245262 0.4132245263 0.4132245264 0.4132245265 0.4132245265 0.4132245265 0.4132245265 0.4132245266 0.4132245266 0.4132245266 0.4132245266 0.4132245266 0.4132245266 0.4132245266 0.4132245266 0.4132245265 0.4132245265 0.4132245265 0.4132245265 0.4132245264 0.4132245264 0.4132245263 0.4132245262 0.4132245261 0.4132245259 0.4132245256 0.4132245253 0.4132245248 0.4132245242 0.4132245234 0.4132245224 0.4132245211 0.4132245195 0.4132245174 0.4132245150 0.4132245120 0.4132245084 0.4132245041 0.4132244992 0.4132244936 0.4132244873 0.4132244803 0.4132244730 0.4132244699 0.4132245033 0.4132246737 0.4132250786 0.4132255919 0.4132259443 0.4132260718 0.4132260914 0.4132260871 0.4132260808 0.4132260751 0.4132260701 0.4132260658 0.4132260622 0.4132260592 0.4132260567 0.4132260547 0.4132260532 0.4132260519 0.4132260510 0.4132260502 0.4132260497 0.4132260493 0.4132260490 0.4132260488 0.4132260486 0.4132260485 0.4132260484 0.4132260484 0.4132260483 0.4132260483 0.4132260483 0.4132260483 0.4132260483 
0.4132260483 0.4132260483 0.4132260483 0.4132260484 0.4132260484 0.4132260485 0.4132260486 0.4132260487 0.4132260489 0.4132260491 0.4132260495 0.4132260499 0.4132260504 0.4132260511 0.4132260519 0.4132260530 0.4132260543 0.4132260559 0.4132260578 0.4132260601 0.4132260628 0.4132260659 0.4132260694 0.4132260734 0.4132260777 0.4132260827 0.4132260917 0.4132261294 0.4132262703 0.4132265821 0.4132269649 0.4132272238 0.4132273213 0.4132273439 0.4132273501 0.4132273542 0.4132273578 0.4132273609 0.4132273637 0.4132273660 0.4132273679 0.4132273696 0.4132273709 0.4132273719 0.4132273728 0.4132273734 0.4132273739 0.4132273743 0.4132273746 0.4132273748 0.4132273750 0.4132273751 0.4132273752 0.4132273752 0.4132273753 0.4132273753 0.4132273753 0.4132273753 0.4132273754 0.4132273754 0.4132273754 0.4132273754 0.4132273754 0.4132273754 0.4132273754 0.4132273754 0.4132273754 0.4132273753 0.4132273753 0.4132273753 0.4132273753 0.4132273752 0.4132273752 0.4132273751 0.4132273750 0.4132273749 0.4132273747 0.4132273745 0.4132273741 0.4132273737 0.4132273732 0.4132273725 0.4132273717 0.4132273706 0.4132273693 0.4132273677 0.4132273658 0.4132273635 0.4132273608 0.4132273577 0.4132273542 0.4132273502 0.4132273459 0.4132273409 0.4132273319 0.4132272942 0.4132271533 0.4132268415 0.4132264587 0.4132261998 0.4132261023 0.4132260797 0.4132260735 0.4132260694 0.4132260658 0.4132260627 0.4132260599 0.4132260576 0.4132260557 0.4132260540 0.4132260527 0.4132260517 0.4132260508 0.4132260502 0.4132260497 0.4132260493 0.4132260490 0.4132260488 0.4132260486 0.4132260485 0.4132260484 0.4132260484 0.4132260483 0.4132260483 0.4132260483 0.4132260483 0.4132260483 0.4132260483 
0.4132260483 0.4132260483 0.4132260483 0.4132260483 0.4132260484 0.4132260484 0.4132260485 0.4132260486 0.4132260487 0.4132260489 0.4132260491 0.4132260494 0.4132260497 0.4132260502 0.4132260508 0.4132260515 0.4132260524 0.4132260534 0.4132260547 0.4132260562 0.4132260580 0.4132260601 0.4132260624 0.4132260650 0.4132260679 0.4132260708 0.4132260711 0.4132260514 0.4132259617 0.4132257630 0.4132255297 0.4132253835 0.4132253366 0.4132253312 0.4132253335 0.4132253362 0.4132253387 0.4132253409 0.4132253428 0.4132253445 0.4132253459 0.4132253471 0.4132253480 0.4132253488 0.4132253494 0.4132253499 0.4132253503 0.4132253506 0.4132253509 0.4132253510 0.4132253512 0.4132253513 0.4132253514 0.4132253514 0.4132253514 0.4132253515 0.4132253515 0.4132253515 0.4132253515 0.4132253515 0.4132253515 0.4132253515 0.4132253515 0.4132253515 0.4132253515 0.4132253515 0.4132253515 0.4132253515 0.4132253515 0.4132253515 0.4132253515 0.4132253514 0.4132253514 0.4132253514 0.4132253513 0.4132253512 0.4132253511 0.4132253509 0.4132253507 0.4132253504 0.4132253500 0.4132253496 0.4132253490 0.4132253483 0.4132253474 0.4132253463 0.4132253450 0.4132253435 0.4132253417 0.4132253397 0.4132253373 0.4132253348 0.4132253319 0.4132253290 0.4132253287 0.4132253484 0.4132254381 0.4132256367 0.4132258701 0.4132260163 0.4132260631 0.4132260686 0.4132260663 0.4132260635 0.4132260611 0.4132260589 0.4132260569 0.4132260553 0.4132260539 0.4132260527 0.4132260518 0.4132260510 0.4132260503 0.4132260498 0.4132260494 0.4132260491 0.4132260489 0.4132260487 0.4132260486 0.4132260485 0.4132260484 0.4132260484 0.4132260483 0.4132260483 0.4132260483 0.4132260483 0.4132260483 0.4132260483 
0.4132260483 0.4132260483 0.4132260483 0.4132260483 0.4132260483 0.4132260484 0.4132260484 0.4132260485 0.4132260486 0.4132260487 0.4132260488 0.4132260491 0.4132260493 0.4132260497 0.4132260501 0.4132260506 0.4132260512 0.4132260520 0.4132260530 0.4132260541 0.4132260554 0.4132260569 0.4132260586 0.4132260606 0.4132260627 0.4132260652 0.4132260696 0.4132260864 0.4132261411 0.4132262440 0.4132263462 0.4132263966 0.4132264082 0.4132264103 0.4132264124 0.4132264146 0.4132264166 0.4132264184 0.4132264200 0.4132264214 0.4132264227 0.4132264237 0.4132264245 0.4132264252 0.4132264258 0.4132264263 0.4132264266 0.4132264269 0.4132264272 0.4132264273 0.4132264275 0.4132264276 0.4132264277 0.4132264277 0.4132264278 0.4132264278 0.4132264278 0.4132264278 0.4132264278 0.4132264278 0.4132264278 0.4132264278 0.4132264279 0.4132264279 0.4132264279 0.4132264278 0.4132264278 0.4132264278 0.4132264278 0.4132264278 0.4132264278 0.4132264278 0.4132264278 0.4132264277 0.4132264277 0.4132264276 0.4132264275 0.4132264274 0.4132264272 0.4132264270 0.4132264268 0.4132264264 0.4132264260 0.4132264255 0.4132264248 0.4132264241 0.4132264231 0.4132264220 0.4132264207 0.4132264192 0.4132264175 0.4132264155 0.4132264134 0.4132264109 0.4132264065 0.4132263897 0.4132263350 0.4132262321 0.4132261299 0.4132260795 0.4132260679 0.4132260657 0.4132260637 0.4132260615 0.4132260595 0.4132260577 0.4132260560 0.4132260546 0.4132260534 0.4132260524 0.4132260516 0.4132260509 0.4132260503 0.4132260498 0.4132260494 0.4132260492 0.4132260489 0.4132260487 0.4132260486 0.4132260485 0.4132260484 0.4132260484 0.4132260483 0.4132260483 0.4132260483 0.4132260483 0.4132260483 0.4132260483 
